Entity,Code,Year,Other meats,Sheep and goat,Beef and buffalo,Pigmeat,Poultry
Austria,AUT,1961,1.9121401,0.49054906,18.240416,41.025917,4.0645494
Austria,AUT,1962,1.7122592,0.48063412,20.186634,42.085526,5.8477154
Austria,AUT,1963,1.5026126,0.41071412,19.794418,41.712524,6.3510427
Austria,AUT,1964,1.4427129,0.36067823,19.356396,43.501797,7.2336016
Austria,AUT,1965,1.0621266,0.37074235,18.537117,43.96804,6.36274
Austria,AUT,1966,1.0813979,0.3304271,19.665419,41.804035,7.17928
Austria,AUT,1967,1.0896612,0.33989432,20.403656,42.48679,7.237749
Austria,AUT,1968,1.039912,0.30997378,21.078217,42.88637,7.4193726
Austria,AUT,1969,0.9416037,0.32054594,21.727007,43.844677,7.542847
Austria,AUT,1970,0.9930073,0.29088092,22.417892,44.32423,8.174756
Austria,AUT,1971,0.99334836,0.26087937,22.31522,46.396393,8.4785795
Austria,AUT,1972,0.99206537,0.2705633,22.106022,47.91976,8.768254
Austria,AUT,1973,1.0604042,0.28010678,22.698654,48.09834,9.483615
Austria,AUT,1974,0.9914381,0.32046482,25.24662,47.78932,8.572434
Austria,AUT,1975,1.0054326,0.38206437,25.005108,49.135487,8.827698
Austria,AUT,1976,1.157988,0.42291734,25.908722,52.300777,9.545848
Austria,AUT,1977,1.1555724,0.40193823,24.086147,53.859722,9.88768
Austria,AUT,1978,1.0935746,0.46150857,25.38297,54.718864,10.353845
Austria,AUT,1979,1.1229163,0.5414061,24.884628,57.098293,10.677731
Austria,AUT,1980,1.0709347,0.5404717,26.132807,56.349174,10.739371
Austria,AUT,1981,1.0475649,0.5487245,25.620445,61.826286,10.914628
Austria,AUT,1982,0.9173179,0.49854234,24.348808,60.64269,10.160293
Austria,AUT,1983,0.9496022,0.56976134,23.760048,60.444683,11.195311
Austria,AUT,1984,0.9507897,0.6505403,23.619617,61.601166,11.929909
Austria,AUT,1985,0.99152994,0.6109427,21.15264,60.954056,11.477711
Austria,AUT,1986,0.7915241,0.68131185,22.51335,60.887238,12.2235365
Austria,AUT,1987,0.6816776,0.791949,21.974077,62.132904,13.152368
Austria,AUT,1988,0.7822266,0.82234085,21.481148,68.3646,12.565769
Austria,AUT,1989,0.7910984,1.0013903,21.870365,67.27341,13.358547
Austria,AUT,1990,0.8489345,1.0986211,21.722734,66.57644,13.483077
Austria,AUT,1991,1.2250624,1.1254637,23.355864,66.342606,14.222674
Austria,AUT,1992,1.2924223,1.1532383,24.82445,67.17613,14.624256
Austria,AUT,1993,0.96564627,1.0950627,22.996319,65.43498,14.972494
Austria,AUT,1994,0.909982,1.2099761,21.929567,71.35859,14.779707
Austria,AUT,1995,0.9842746,1.1449724,20.268023,57.26871,15.386823
Austria,AUT,1996,1.1066439,1.1670063,21.992033,59.738647,15.553376
Austria,AUT,1997,1.2267655,1.1764882,20.26174,58.27136,16.07867
Austria,AUT,1998,1.2347075,1.1544012,19.986198,57.80037,16.482841
Austria,AUT,1999,1.1119587,1.0618705,18.2221,57.421146,16.819628
Austria,AUT,2000,1.1209884,1.2711207,19.507198,60.35321,17.075054
Austria,AUT,2001,0.95079935,1.2110182,18.675701,56.11718,17.905052
Austria,AUT,2002,0.8911409,1.1414614,18.914215,56.031734,17.282125
Austria,AUT,2003,1.0023879,1.1226745,18.664463,54.730377,16.810045
Austria,AUT,2004,1.01241,1.1126487,18.283525,56.99568,18.01288
Austria,AUT,2005,1.0612618,1.151369,17.841213,55.726257,18.461952
Austria,AUT,2006,1.0008584,1.1409786,18.205616,53.87621,17.044619
Austria,AUT,2007,0.8514396,0.98165977,17.860197,56.19501,17.699926
Austria,AUT,2008,0.4810813,1.1826582,17.890211,52.377728,17.158567
Austria,AUT,2009,0.65209734,1.1336461,17.405983,55.297855,17.716984
Austria,AUT,2010,1.2000004,1.1300004,17.490005,67.580025,18.850006
Austria,AUT,2011,1.2499996,1.1399996,17.389994,65.50998,18.699995
Austria,AUT,2012,1.3700001,1.1400001,17.380001,48.380005,18.960001
Austria,AUT,2013,1.4599999,1.1399999,17.159998,52.599995,18.729998
Austria,AUT,2014,1.3300014,1.140001,14.060014,47.690044,19.18002
Austria,AUT,2015,1.1900005,1.1400003,14.210005,53.11002,18.940006
Austria,AUT,2016,1.19,1.14,15.97,49.36,18.22
Austria,AUT,2017,1.1800001,1.1200001,15.510002,49.11001,18.240002
Austria,AUT,2018,1.3499997,1.1399996,16.829994,48.549984,18.649994
Austria,AUT,2019,0.5900002,1.1700004,16.220007,47.08002,15.7000065
Austria,AUT,2020,0.3300003,1.0500009,15.010014,45.450043,15.950014
Austria,AUT,2021,0.30000022,0.9600007,14.12001,43.330032,16.420012
Austria,AUT,2022,0.5200001,0.9900002,14.280003,42.230007,18.080004
Austria,AUT,2023,0.4599998,0.9999995,13.849994,40.85998,17.539993
Belgium,BEL,2000,1.602541,2.1433988,19.48089,38.68133,19.631128
Belgium,BEL,2001,2.5134146,1.8625305,20.738174,39.14318,22.150095
Belgium,BEL,2002,2.001166,1.4908688,19.601423,35.860897,25.324757
Belgium,BEL,2003,1.8815832,1.7915074,18.725756,35.56993,21.918442
Belgium,BEL,2004,1.6130438,1.6431005,19.647074,33.87392,21.841213
Belgium,BEL,2005,1.7749182,1.6646125,18.772015,34.69614,25.069466
Belgium,BEL,2006,1.4654748,1.4755123,20.73747,32.160145,22.855385
Belgium,BEL,2007,2.08023,1.4772649,20.691757,34.14793,24.932613
Belgium,BEL,2008,1.9414053,1.579278,19.263166,33.1246,13.086883
Belgium,BEL,2009,2.1798465,1.336035,18.352901,33.631916,11.140322
Belgium,BEL,2010,1.3500013,1.4100014,18.200018,36.070034,11.930012
Belgium,BEL,2011,1.3400007,1.4800009,16.11001,35.00002,12.690006
Belgium,BEL,2012,2.2299995,1.2199998,15.759996,40.219994,12.659997
Belgium,BEL,2013,2.2500007,1.3100003,15.550005,38.450012,12.200004
Belgium,BEL,2014,1.3600008,1.3400009,12.640008,31.150019,12.500008
Belgium,BEL,2015,1.7499996,1.3099997,12.269999,28.449995,11.499998
Belgium,BEL,2016,1.4799992,1.1199993,11.8399935,41.34997,12.609992
Belgium,BEL,2017,1.8399996,1.0599997,11.679997,28.689993,11.379997
Belgium,BEL,2018,1.9099985,1.1499991,12.099992,31.289978,11.679992
Belgium,BEL,2019,1.9599996,1.1599997,14.529996,31.739992,12.769998
Belgium,BEL,2020,1.5000011,1.2800009,14.04001,32.94002,15.510012
Belgium,BEL,2021,2.0999994,0.87999976,13.269997,35.65999,14.059997
Belgium,BEL,2022,2.0200012,0.79000044,13.070006,32.40002,16.300009
Belgium,BEL,2023,2.0499997,0.95999986,13.149998,30.549995,13.249998
Bulgaria,BGR,1961,0.9096208,6.227404,7.1370244,14.473966,3.6684706
Bulgaria,BGR,1962,0.4597514,7.3360333,8.185574,14.632089,3.538087
Bulgaria,BGR,1963,0.24997737,6.8293815,9.149171,12.838838,3.4796848
Bulgaria,BGR,1964,0.1900216,8.160928,8.560974,14.001593,3.9804528
Bulgaria,BGR,1965,0.18010058,8.154553,8.354666,17.529789,4.0822797
Bulgaria,BGR,1966,0.24029678,8.820895,9.661933,16.029799,4.585664
Bulgaria,BGR,1967,0.15032259,9.009333,10.72301,18.098837,5.331441
Bulgaria,BGR,1968,0.3606604,8.485538,10.940032,17.081276,5.229575
Bulgaria,BGR,1969,0.13008825,8.545798,10.407061,14.820055,6.444372
Bulgaria,BGR,1970,0.17008366,8.294079,9.894867,14.247006,7.8238482
Bulgaria,BGR,1971,0.350332,8.798338,9.048575,15.824998,9.168689
Bulgaria,BGR,1972,0.34067717,8.38667,9.368622,20.28031,9.398682
Bulgaria,BGR,1973,0.20044525,8.488856,10.643642,19.45321,10.663688
Bulgaria,BGR,1974,0.30018142,8.515145,11.987244,18.22101,12.47754
Bulgaria,BGR,1975,0.33014584,6.612921,11.97529,28.142431,10.964844
Bulgaria,BGR,1976,0.41007334,7.591358,12.942314,26.964823,11.752102
Bulgaria,BGR,1977,0.3893493,5.7404065,13.24786,25.467438,13.108093
Bulgaria,BGR,1978,0.6701717,5.6914577,12.80328,26.676832,14.053599
Bulgaria,BGR,1979,0.7112073,5.098655,12.471169,30.000927,14.775081
Bulgaria,BGR,1980,0.5903636,5.2132115,12.257551,29.308056,13.188125
Bulgaria,BGR,1981,0.3801367,6.9625034,12.394457,32.081535,12.804605
Bulgaria,BGR,1982,0.25011954,6.343032,12.576011,31.735168,13.656527
Bulgaria,BGR,1983,0.19012064,6.4140697,12.587987,32.850845,14.629283
Bulgaria,BGR,1984,0.20005344,6.8818383,13.033482,30.218071,14.873973
Bulgaria,BGR,1985,0.20002556,8.201048,13.921779,31.22399,14.171811
Bulgaria,BGR,1986,0.1398989,7.8643165,13.650135,33.08609,15.31893
Bulgaria,BGR,1987,0.1394977,6.9748845,13.49142,33.80826,15.932629
Bulgaria,BGR,1988,0.2282922,6.5311418,14.134265,36.745117,16.308004
Bulgaria,BGR,1989,0.21856263,7.1231546,15.498077,38.486893,17.01808
Bulgaria,BGR,1990,0.24996129,6.738956,14.39777,22.386532,18.517134
Bulgaria,BGR,1991,0.3318672,8.2966795,12.4701605,23.59274,9.945959
Bulgaria,BGR,1992,0.45498988,6.1979737,15.247217,23.538145,8.483034
Bulgaria,BGR,1993,0.565653,6.252486,16.100908,29.848297,10.141351
Bulgaria,BGR,1994,0.57237536,5.071045,12.813175,28.699102,10.232465
Bulgaria,BGR,1995,0.65003294,5.1602616,10.680542,30.981571,11.04056
Bulgaria,BGR,1996,0.79841745,6.177755,9.650871,28.90271,12.2457285
Bulgaria,BGR,1997,1.5567534,5.688137,9.300604,27.133413,13.40205
Bulgaria,BGR,1998,0.84924877,5.9847054,10.340853,32.860928,15.5462475
Bulgaria,BGR,1999,0.75986207,6.488822,10.548085,24.495554,15.09726
Bulgaria,BGR,2000,0.8900535,6.7004027,8.780528,24.341463,16.390985
Bulgaria,BGR,2001,0.65053654,5.6646724,11.099155,20.53694,17.904768
Bulgaria,BGR,2002,0.6506656,5.7258573,6.6768303,20.090551,20.711187
Bulgaria,BGR,2003,0.57018954,1.5205054,7.4024606,21.307081,14.254738
Bulgaria,BGR,2004,0.79954267,1.6990283,9.574524,22.327229,16.210728
Bulgaria,BGR,2005,0.8287006,2.1166809,12.57029,17.81207,17.292885
Bulgaria,BGR,2006,0.90794045,2.035383,13.798699,13.020465,18.009148
Bulgaria,BGR,2007,1.2659999,1.8641102,5.0739684,19.687794,19.149494
Bulgaria,BGR,2008,2.1609035,2.0214903,5.118453,21.9974,19.975908
Bulgaria,BGR,2009,1.9092267,1.6705734,4.932169,25.167982,21.80695
Bulgaria,BGR,2010,0.9300008,1.8300016,4.8100038,26.23002,21.990017
Bulgaria,BGR,2011,0.8999996,1.8899993,4.399998,28.009989,21.47999
Bulgaria,BGR,2012,0.9299987,1.8399974,3.8599944,25.669964,21.709969
Bulgaria,BGR,2013,1.0199993,1.6299989,3.7799973,25.909983,21.309984
Bulgaria,BGR,2014,0.98,1.9,3.97,27.48,21.59
Bulgaria,BGR,2015,0.80000055,1.540001,3.8800027,27.810019,21.770016
Bulgaria,BGR,2016,0.79999936,1.6699986,3.9499967,28.319977,22.24998
Bulgaria,BGR,2017,0.7999998,1.3799996,3.699999,29.229992,22.129993
Bulgaria,BGR,2018,0.75000054,1.5100011,3.3100023,31.970022,22.740015
Bulgaria,BGR,2019,0.76000047,1.3800008,4.0000024,31.720018,23.070013
Bulgaria,BGR,2020,0.6699994,1.2899988,3.329997,30.109974,21.46998
Bulgaria,BGR,2021,0.7000008,1.6400019,3.9700046,34.60004,21.690025
Bulgaria,BGR,2022,0.7399998,1.3999995,3.909999,33.97999,23.279993
Bulgaria,BGR,2023,0.6499995,1.5699989,2.8099978,32.799973,25.90998
Croatia,HRV,1992,0.81097645,0.74089205,8.199873,17.821457,8.3300295
Croatia,HRV,1993,0.825594,0.5738885,8.08478,14.780147,6.463797
Croatia,HRV,1994,0.73835045,0.7080073,7.707165,16.56737,7.272246
Croatia,HRV,1995,0.6599396,1.350338,7.076583,18.458004,8.051263
Croatia,HRV,1996,0.6622113,0.6927749,4.319655,17.482378,6.846246
Croatia,HRV,1997,0.67426676,0.6844829,7.335204,17.612663,7.5497437
Croatia,HRV,1998,0.69672304,0.48155856,5.788949,16.188564,6.301245
Croatia,HRV,1999,0.7201385,1.0802077,6.594411,19.186546,6.8516035
Croatia,HRV,2000,0.74478084,0.63099486,7.0547295,21.226254,7.2305803
Croatia,HRV,2001,0.7340879,0.5893382,5.6452394,22.40519,7.382236
Croatia,HRV,2002,0.88401115,0.74010235,6.03389,24.351423,9.569935
Croatia,HRV,2003,0.8091355,1.1266444,6.5038104,23.905344,11.071841
Croatia,HRV,2004,0.78606975,1.082122,7.9423676,28.849781,11.546039
Croatia,HRV,2005,0.7427006,1.2412256,7.4880495,32.139603,9.003973
Croatia,HRV,2006,0.7406897,1.2277186,8.959301,38.495567,9.294133
Croatia,HRV,2007,0.74909425,1.1337643,8.857533,42.070755,10.598671
Croatia,HRV,2008,0.73767537,1.0206194,9.832303,41.057194,10.610399
Croatia,HRV,2009,0.7366832,1.0293381,10.475029,45.139503,10.414479
Croatia,HRV,2010,0.73,0.92,9.39,42.04,8.22
Croatia,HRV,2011,0.72999877,0.8199986,9.249985,42.709927,7.4299874
Croatia,HRV,2012,0.7600013,1.6300027,12.840022,44.940075,9.110015
Croatia,HRV,2013,0.8099994,1.7199987,12.629991,42.87997,8.619993
Croatia,HRV,2014,1.6299981,1.3899983,11.619987,44.549946,9.149989
Croatia,HRV,2015,1.5099993,1.3999993,11.929995,47.119976,9.389996
Croatia,HRV,2016,1.4700007,1.4800007,12.360005,47.050022,9.670005
Croatia,HRV,2017,1.6600008,1.4800007,13.050007,50.750023,11.050006
Croatia,HRV,2018,1.2300006,1.5300008,13.720008,52.440025,18.060009
Croatia,HRV,2019,0.98999804,1.6499966,13.209973,55.24989,15.239969
Croatia,HRV,2020,0.7000007,1.5000015,12.160012,51.730053,17.180017
Croatia,HRV,2021,1.0700009,1.5800012,13.910011,60.760048,19.540016
Croatia,HRV,2022,1.0899998,1.7799995,14.499996,59.209984,20.579994
Croatia,HRV,2023,0.9099993,1.9699985,15.669988,61.059956,20.099985
Cyprus,CYP,1961,0.75443053,6.5480704,11.113342,3.9655964,4.2944508
Cyprus,CYP,1962,0.7495623,6.611524,9.75392,3.6324942,4.4204955
Cyprus,CYP,1963,0.7519424,7.31954,9.518257,4.216588,4.654428
Cyprus,CYP,1964,0.74675405,7.6376867,10.766492,4.53724,4.934248
Cyprus,CYP,1965,0.7430113,8.135503,10.9476595,5.5208554,6.0569525
Cyprus,CYP,1966,0.7601132,8.642769,11.983513,9.5154915,6.324892
Cyprus,CYP,1967,0.7513647,9.636252,11.345607,10.143424,7.5606074
Cyprus,CYP,1968,0.7531913,10.667071,11.109571,11.269625,9.12303
Cyprus,CYP,1969,0.746636,12.399828,10.24498,14.441262,11.889469
Cyprus,CYP,1970,0.7491934,12.3474655,10.242137,14.879549,12.015544
Cyprus,CYP,1971,0.76906025,15.238786,9.826881,15.172324,12.703736
Cyprus,CYP,1972,0.76948327,16.216146,10.658769,16.729137,13.109715
Cyprus,CYP,1973,0.80096585,16.057459,12.710565,18.841768,12.338688
Cyprus,CYP,1974,0.7162748,10.511816,7.9467783,17.27771,10.182717
Cyprus,CYP,1975,0.8477301,6.4269767,8.861736,14.007261,8.763164
Cyprus,CYP,1976,1.013768,6.977109,6.261508,16.170593,9.402201
Cyprus,CYP,1977,1.5574182,8.086596,7.837009,16.482677,9.823716
Cyprus,CYP,1978,1.9321274,9.580548,7.207936,17.248991,10.5215845
Cyprus,CYP,1979,2.1778402,9.333601,8.3299885,17.743877,12.0132475
Cyprus,CYP,1980,2.7577217,9.065383,8.233052,17.890093,12.023666
Cyprus,CYP,1981,2.9104435,8.73133,8.761335,19.662996,12.241865
Cyprus,CYP,1982,3.1395702,8.663624,7.3223515,21.748478,13.343173
Cyprus,CYP,1983,3.2775471,9.842454,11.108334,22.64844,14.631206
Cyprus,CYP,1984,2.7557292,10.169028,9.4897995,23.889456,14.574314
Cyprus,CYP,1985,3.7063272,10.685775,10.050404,23.807135,14.055163
Cyprus,CYP,1986,3.190565,10.9514,11.669995,23.48371,15.933662
Cyprus,CYP,1987,1.7145957,11.69565,13.793395,25.268734,15.000318
Cyprus,CYP,1988,1.5848862,11.603288,11.209468,27.884392,17.65467
Cyprus,CYP,1989,1.3524064,11.418174,12.1716585,29.44382,21.14584
Cyprus,CYP,1990,2.1306772,10.186388,9.378872,31.48343,22.016996
Cyprus,CYP,1991,2.185481,8.977133,9.388747,31.694374,20.75717
Cyprus,CYP,1992,2.0955544,9.489304,10.863276,33.163136,25.45308
Cyprus,CYP,1993,1.5268714,9.49833,9.0918255,35.65344,25.550312
Cyprus,CYP,1994,2.0412965,9.631749,8.155277,37.912624,26.308945
Cyprus,CYP,1995,1.7839383,9.950412,7.710578,37.373505,27.512293
Cyprus,CYP,1996,1.7156636,8.608069,6.0990353,38.29004,28.184484
Cyprus,CYP,1997,1.7570362,9.271592,6.0950294,37.959927,29.482471
Cyprus,CYP,1998,1.7970328,10.782197,5.2024593,37.97597,28.73267
Cyprus,CYP,1999,1.6886178,11.581931,5.5525727,38.629616,30.275923
Cyprus,CYP,2000,1.6418742,11.5130205,6.3883834,38.797985,29.165655
Cyprus,CYP,2001,1.734353,11.542418,5.3226695,37.73713,29.533838
Cyprus,CYP,2002,1.5676917,12.91099,5.3920608,37.534733,30.285406
Cyprus,CYP,2003,1.7172469,8.196858,5.461244,37.839336,28.604141
Cyprus,CYP,2004,2.08615,7.5360928,4.871011,37.850147,28.347685
Cyprus,CYP,2005,1.4455836,7.0684047,5.602882,40.286915,29.440056
Cyprus,CYP,2006,1.8486681,7.991017,5.019233,41.55528,23.784208
Cyprus,CYP,2007,2.5566056,7.550905,5.628496,40.251675,25.684969
Cyprus,CYP,2008,2.3888824,7.265362,5.636578,36.721664,26.948961
Cyprus,CYP,2009,1.7701827,5.8907747,6.1563025,37.7934,25.884005
Cyprus,CYP,2010,1.7199908,5.029973,6.709964,40.52978,28.139849
Cyprus,CYP,2011,1.5899959,4.989987,6.7899823,40.749893,26.179932
Cyprus,CYP,2012,1.7799954,4.8799877,6.629983,41.09989,24.369938
Cyprus,CYP,2013,1.3599896,4.7499638,6.2399526,39.269703,23.63982
Cyprus,CYP,2014,1.6299919,5.019975,6.439968,36.699818,23.789883
Cyprus,CYP,2015,1.2699958,4.589985,6.2099795,35.739883,23.489923
Cyprus,CYP,2016,1.1499963,4.4399858,6.729978,35.93988,23.479923
Cyprus,CYP,2017,0.96000457,4.540022,7.070034,37.00018,23.790115
Cyprus,CYP,2018,0.9799977,4.629989,7.3999825,36.36991,23.769943
Cyprus,CYP,2019,0.57000047,4.750004,7.480006,37.490032,28.970022
Cyprus,CYP,2020,0.44,3.89,6.26,35.34,24.88
Cyprus,CYP,2021,0.49999964,3.7399974,6.539995,35.50997,26.699982
Cyprus,CYP,2022,0.3999982,3.9699821,7.6699653,32.359856,29.869865
Cyprus,CYP,2023,0.33999974,3.7099972,8.689993,33.409973,31.799974
Czechia,CZE,1993,3.1465707,0.5110672,20.68319,58.442036,12.115299
Czechia,CZE,1994,3.2167382,0.41086066,17.125874,46.447292,11.674455
Czechia,CZE,1995,3.1883137,0.41107187,16.553164,49.639435,14.588038
Czechia,CZE,1996,3.410521,0.38117585,16.079603,49.80364,14.685302
Czechia,CZE,1997,3.4503572,0.35105377,14.583776,44.62395,17.713171
Czechia,CZE,1998,3.9097145,0.3408469,13.052432,46.94665,19.1175
Czechia,CZE,1999,3.8770273,0.36065373,11.811409,45.64273,19.575483
Czechia,CZE,2000,3.8649738,0.13016751,10.783878,42.26439,20.376223
Czechia,CZE,2001,3.9296381,0.12998803,9.2191515,41.60617,22.507927
Czechia,CZE,2002,3.9501483,0.12967658,9.675868,42.18479,22.005117
Czechia,CZE,2003,4.052167,0.14934276,10.205089,43.24966,22.540798
Czechia,CZE,2004,4.0786424,0.109427,10.345825,48.277203,23.88493
Czechia,CZE,2005,3.8713999,0.17913933,9.753141,48.735847,25.049648
Czechia,CZE,2006,4.167996,0.19942565,9.24338,46.206924,25.267231
Czechia,CZE,2007,5.6202507,0.21000935,9.64043,47.202106,23.401043
Czechia,CZE,2008,5.347308,0.22071442,9.370331,46.169445,23.746864
Czechia,CZE,2009,5.363253,0.23143494,9.740393,45.47193,24.240294
Czechia,CZE,2010,4.4100018,0.25000012,9.750005,46.35002,22.81001
Czechia,CZE,2011,4.1500006,0.25000003,9.240002,45.72001,21.940004
Czechia,CZE,2012,3.9999967,0.31999972,8.269994,42.90996,20.519983
Czechia,CZE,2013,3.9799986,0.34999987,8.339997,41.919983,19.289993
Czechia,CZE,2014,3.8300025,0.3100002,8.310006,41.63003,20.670015
Czechia,CZE,2015,3.9200008,0.32000005,8.640002,44.45001,21.100004
Czechia,CZE,2016,4.2000017,0.3200001,9.590004,43.91002,21.390007
Czechia,CZE,2017,4.3899984,0.3199999,9.869997,44.419987,22.229994
Czechia,CZE,2018,4.440003,0.33000022,10.250007,46.98003,22.590014
Czechia,CZE,2019,0.6200005,0.34000027,10.970009,45.640034,23.230017
Czechia,CZE,2020,0.63000005,0.30000004,10.310001,44.960003,23.870003
Czechia,CZE,2021,0.75999975,0.2799999,10.989996,46.889984,23.169992
Czechia,CZE,2022,1.939999,0.2899998,10.619994,46.489975,24.409986
Czechia,CZE,2023,1.8599997,0.27999994,11.249998,44.45999,24.449995
Denmark,DNK,1961,1.2807333,0.30017188,16.599504,35.6304,7.2541537
Denmark,DNK,1962,1.1603829,0.29009572,12.9942875,32.160614,7.952624
Denmark,DNK,1963,1.0904031,0.28010353,13.925147,31.441622,6.0122223
Denmark,DNK,1964,1.2302895,0.30007058,12.272887,31.637442,8.171923
Denmark,DNK,1965,1.2503055,0.35008553,11.932916,32.05783,6.8216667
Denmark,DNK,1966,1.0397401,0.4498875,18.95526,32.49188,4.8687825
Denmark,DNK,1967,1.0091178,0.6194585,19.143267,31.572401,3.7067597
Denmark,DNK,1968,0.710029,0.6200254,19.140781,30.301239,4.2701745
Denmark,DNK,1969,0.6808621,0.5006339,21.327003,29.867819,4.0951858
Denmark,DNK,1970,0.5601507,0.45012105,19.895351,29.647974,5.781555
Denmark,DNK,1971,0.60962343,0.35977778,19.40801,30.890917,4.8769875
Denmark,DNK,1972,0.6396706,0.34981987,16.231642,34.282345,6.456675
Denmark,DNK,1973,0.249713,0.3495982,14.683125,34.80999,7.76108
Denmark,DNK,1974,0.3296312,0.25970942,14.563705,35.450336,7.381741
Denmark,DNK,1975,0.42004955,0.37004367,15.76186,39.074608,6.7007904
Denmark,DNK,1976,0.640908,0.43061006,16.162897,39.896523,8.802471
Denmark,DNK,1977,0.56081754,0.47068617,15.462541,41.921112,8.181928
Denmark,DNK,1978,0.6005477,0.550502,16.715244,45.92188,9.058261
Denmark,DNK,1979,0.58012897,0.6201379,14.763283,47.880646,8.27184
Denmark,DNK,1980,0.55999136,0.41999352,14.509776,55.14915,8.429871
Denmark,DNK,1981,0.45029625,0.51033574,13.809086,51.193684,8.93588
Denmark,DNK,1982,0.46045867,0.46045867,11.321278,49.098907,9.349313
Denmark,DNK,1983,0.4704165,0.43038103,11.470155,51.32544,9.908772
Denmark,DNK,1984,0.48029757,0.5303285,13.418313,53.94342,10.516516
Denmark,DNK,1985,0.5799004,0.55990386,14.307544,56.85024,11.148086
Denmark,DNK,1986,0.6591376,0.61918986,16.808008,63.566833,12.593523
Denmark,DNK,1987,0.6485884,0.7284148,16.28456,66.40549,12.003876
Denmark,DNK,1988,0.83874726,0.80879205,17.443945,65.98145,11.902224
Denmark,DNK,1989,0.80941343,0.83939165,19.615784,64.88298,12.830702
Denmark,DNK,1990,0.7998407,0.94981074,19.376139,64.7471,12.137582
Denmark,DNK,1991,0.80994564,0.9799342,19.928663,65.18562,13.859069
Denmark,DNK,1992,0.8099417,0.9899288,21.088484,65.04533,14.46896
Denmark,DNK,1993,0.9404279,1.050478,20.499327,64.819496,13.045936
Denmark,DNK,1994,1.0609797,1.1710814,19.18772,63.668793,15.45427
Denmark,DNK,1995,1.0699257,1.2399138,18.158737,64.44551,16.65884
Denmark,DNK,1996,1.0581731,0.8984488,19.186872,65.14752,15.912527
Denmark,DNK,1997,0.9685242,0.82873714,19.640074,57.80192,18.272156
Denmark,DNK,1998,0.76923597,1.0389681,21.528616,68.442024,16.533579
Denmark,DNK,1999,0.7695928,0.9794818,25.04675,23.79741,17.41079
Denmark,DNK,2000,0.7397701,1.1796334,23.622658,26.931631,17.334612
Denmark,DNK,2001,0.78943616,1.0992149,24.312634,26.091364,20.275518
Denmark,DNK,2002,0.8189373,0.95875585,27.394453,34.125717,20.153849
Denmark,DNK,2003,0.82882655,1.0585014,28.369835,28.64944,18.284113
Denmark,DNK,2004,0.8591099,1.1288304,28.969984,24.314808,16.882507
Denmark,DNK,2005,0.8497569,0.9897169,26.962286,44.027405,19.664375
Denmark,DNK,2006,0.94061804,1.010664,26.097147,32.08108,19.082539
Denmark,DNK,2007,2.3026934,1.2114171,26.34081,40.177,19.983374
Denmark,DNK,2008,0.96039104,1.0604317,27.391153,26.320717,22.729256
Denmark,DNK,2009,1.010152,1.0901641,26.013914,19.382915,18.912846
Denmark,DNK,2010,1.5999986,0.8699992,28.779974,22.78998,22.77998
Denmark,DNK,2011,1.5800006,0.88000035,29.30001,18.260008,23.27001
Denmark,DNK,2012,1.200002,0.8800014,27.360044,25.25004,22.090034
Denmark,DNK,2013,0.8499996,0.8799995,28.599985,24.889986,22.409988
Denmark,DNK,2014,0.82999927,0.8799992,26.189978,36.30997,23.809978
Denmark,DNK,2015,0.8300003,0.88000035,26.19001,46.97002,18.370008
Denmark,DNK,2016,1.4600011,0.89000064,25.980019,42.31003,26.050018
Denmark,DNK,2017,1.3000013,0.90000093,23.620026,43.350044,25.220026
Denmark,DNK,2018,1.4099989,0.8299994,23.669983,46.829967,26.699982
Denmark,DNK,2019,0.9200004,0.73000026,24.61001,47.050014,25.01001
Denmark,DNK,2020,0.64000005,0.67000014,24.720003,47.170006,24.490004
Denmark,DNK,2021,0.65000063,0.73000073,23.600023,57.050056,19.11002
Denmark,DNK,2022,0.8099998,0.7199999,21.849997,52.08999,17.759996
Denmark,DNK,2023,0.76000077,0.7100007,21.580023,57.900063,20.32002
Estonia,EST,1992,0.4845236,1.1569237,24.60193,27.657396,6.536124
Estonia,EST,1993,0.7730811,0.8424603,25.729725,19.79286,3.7662928
Estonia,EST,1994,0.7815867,0.8805217,20.627953,23.645472,6.4604573
Estonia,EST,1995,0.32550833,0.54251385,16.600924,23.988976,7.2696853
Estonia,EST,1996,0.6598869,0.3545661,18.013927,25.824228,11.828718
Estonia,EST,1997,0.5896613,0.32431373,14.230493,21.542294,16.402412
Estonia,EST,1998,0.39285547,0.304463,16.06779,23.188295,20.556164
Estonia,EST,1999,0.098035164,0.3137125,14.617043,29.537994,13.303371
Estonia,EST,2000,0.0880028,0.2542303,13.180863,27.163532,17.307219
Estonia,EST,2001,0.087978885,0.22483493,12.062882,27.94796,19.335804
Estonia,EST,2002,0.07817677,0.23453029,13.065291,28.53452,21.039322
Estonia,EST,2003,0.078141354,0.29303008,10.334194,28.658342,20.668388
Estonia,EST,2004,0.07819872,0.26392072,12.111029,30.292233,15.326951
Estonia,EST,2005,4.8018336,0.29339108,12.381103,28.077524,15.960473
Estonia,EST,2006,0.5386132,0.4700624,13.504501,34.089317,15.991915
Estonia,EST,2007,0.5484263,0.5288396,13.798796,37.028564,17.324394
Estonia,EST,2008,0.16630293,0.7141244,13.9009695,33.681236,17.872675
Estonia,EST,2009,0.14645629,0.64440763,12.614767,33.909508,19.556795
Estonia,EST,2010,0.3,0.54,12.21,37.58,20.48
Estonia,EST,2011,0.32999852,0.4799978,13.119941,35.869835,18.749914
Estonia,EST,2012,0.30000114,0.43000162,10.400039,28.86011,19.610075
Estonia,EST,2013,0.16,0.43,7,28.980001,20.62
Estonia,EST,2014,0.10999941,0.44999757,6.359966,33.12982,19.839893
Estonia,EST,2015,0.16,0.44999996,6.51,36.89,20.66
Estonia,EST,2016,0.13,0.46,7.48,38.3,21.1
Estonia,EST,2017,0.12999901,0.45999652,7.459944,34.44974,21.029842
Estonia,EST,2018,0.15999854,0.4699957,8.64992,37.019665,22.129797
Estonia,EST,2019,0.12999979,0.3799994,7.9299874,37.389942,21.749966
Estonia,EST,2020,0.10999959,0.40999848,8.469969,37.69986,21.059921
Estonia,EST,2021,0.42,0.37,9.77,39.74,21.5
Estonia,EST,2022,0.38999912,0.38999912,8.6899805,37.549915,21.289953
Estonia,EST,2023,0.22000079,0.35000128,7.810028,35.54013,20.810076
European Union (27),OWID_EU27,1961,2.2658834,1.6715534,15.146131,21.897348,4.7082086
European Union (27),OWID_EU27,1962,2.2588177,1.7196759,16.081293,22.049034,5.1869144
European Union (27),OWID_EU27,1963,2.288876,1.6561786,16.75718,21.828062,5.57332
European Union (27),OWID_EU27,1964,2.3277457,1.7225318,16.331463,22.793283,6.1452484
European Union (27),OWID_EU27,1965,2.328671,1.7791046,16.039885,24.041199,6.5295935
European Union (27),OWID_EU27,1966,2.375631,1.8259753,17.197704,24.063745,6.5679216
European Union (27),OWID_EU27,1967,2.432252,1.8544757,17.911066,24.96553,6.830807
European Union (27),OWID_EU27,1968,2.4696727,1.8266258,18.406052,26.085335,6.9523616
European Union (27),OWID_EU27,1969,2.5709248,1.9095637,18.81619,25.737192,7.600995
European Union (27),OWID_EU27,1970,2.656343,2.0132284,19.498491,26.693916,8.379131
European Union (27),OWID_EU27,1971,2.704134,2.0793858,19.245974,28.505302,8.662553
European Union (27),OWID_EU27,1972,2.7765446,2.0591152,18.532036,30.19725,9.42907
European Union (27),OWID_EU27,1973,2.793781,2.0953357,19.02565,30.536028,10.234551
European Union (27),OWID_EU27,1974,2.8121164,2.0392501,19.405466,32.11586,10.36386
European Union (27),OWID_EU27,1975,2.8789818,2.0218093,19.379555,33.112953,10.723975
European Union (27),OWID_EU27,1976,3.0390701,2.0975177,20.471773,32.478897,11.261339
European Union (27),OWID_EU27,1977,3.0483658,2.0974994,20.238539,33.131172,11.67142
European Union (27),OWID_EU27,1978,3.0946624,2.0693226,20.161913,35.131874,12.229509
European Union (27),OWID_EU27,1979,3.1770124,2.105586,20.124186,36.614834,12.549665
European Union (27),OWID_EU27,1980,3.0423703,2.2236285,20.505762,37.476048,12.81145
European Union (27),OWID_EU27,1981,2.9458885,2.2303257,19.55252,37.19997,13.270437
European Union (27),OWID_EU27,1982,2.750049,2.2855139,19.166727,37.088497,13.146349
European Union (27),OWID_EU27,1983,2.8063145,2.3509853,19.356134,37.64364,12.804971
European Union (27),OWID_EU27,1984,2.7981536,2.3984175,19.326784,37.993534,12.940299
European Union (27),OWID_EU27,1985,2.836292,2.427122,19.435575,38.294594,13.1771345
European Union (27),OWID_EU27,1986,2.3994408,2.4738421,19.614033,39.051365,13.392227
European Union (27),OWID_EU27,1987,2.4831076,2.5389078,19.90206,39.99012,14.043043
European Union (27),OWID_EU27,1988,2.547498,2.5196059,19.468836,41.057487,14.1507015
European Union (27),OWID_EU27,1989,2.4715476,2.6295035,19.437885,40.771244,14.225336
European Union (27),OWID_EU27,1990,2.4518826,2.78623,20.125868,40.409622,14.971344
European Union (27),OWID_EU27,1991,2.4983513,2.7584028,20.228287,39.843597,14.925095
European Union (27),OWID_EU27,1992,2.5724635,2.745888,19.712585,40.908913,15.521494
European Union (27),OWID_EU27,1993,2.6615849,2.6916027,19.511618,43.686012,15.639312
European Union (27),OWID_EU27,1994,2.6317062,2.6216996,18.562033,42.21737,16.410639
European Union (27),OWID_EU27,1995,2.7430918,2.612945,18.1004,42.127483,16.648764
European Union (27),OWID_EU27,1996,2.8547063,2.594277,17.959608,42.90073,17.418716
European Union (27),OWID_EU27,1997,2.82364,2.5332658,17.32233,41.703766,17.572655
European Union (27),OWID_EU27,1998,2.8853865,2.554769,17.432543,44.61328,18.504543
European Union (27),OWID_EU27,1999,2.8870578,2.5361998,16.981514,44.418587,17.943865
European Union (27),OWID_EU27,2000,3.147979,2.4963274,17.083302,43.770943,18.406654
European Union (27),OWID_EU27,2001,3.6912456,2.2969978,16.119108,43.271828,19.629803
European Union (27),OWID_EU27,2002,2.9503233,2.2779706,16.52783,43.562424,20.170578
European Union (27),OWID_EU27,2003,2.8309486,2.2286193,16.49379,43.99013,19.30466
European Union (27),OWID_EU27,2004,2.1793873,2.2597334,16.531204,42.472946,19.90574
European Union (27),OWID_EU27,2005,2.120157,2.2206385,16.418657,42.98593,19.814928
European Union (27),OWID_EU27,2006,2.5650935,2.1526668,16.617783,43.143867,18.669857
European Union (27),OWID_EU27,2007,2.7575593,2.113458,16.525229,43.819027,19.594772
European Union (27),OWID_EU27,2008,2.6862726,1.9820064,15.986843,43.211765,20.584694
European Union (27),OWID_EU27,2009,2.8381772,1.9223115,16.09307,42.61292,20.944138
European Union (27),OWID_EU27,2010,2.5999997,1.9499999,15.849999,43.629997,20.919998
European Union (27),OWID_EU27,2011,2.55,1.93,15.35,42.87,21.04
European Union (27),OWID_EU27,2012,2.5999997,1.8299999,15.139999,41.949997,21.809998
European Union (27),OWID_EU27,2013,2.6599998,1.7799999,14.679999,41.309998,21.739998
European Union (27),OWID_EU27,2014,2.1399999,1.7799999,14.239999,40.659996,21.589998
European Union (27),OWID_EU27,2015,1.9,1.65,14.07,41.96,22.03
European Union (27),OWID_EU27,2016,1.94,1.6,14.19,40.9,22.64
European Union (27),OWID_EU27,2017,1.7199999,1.5599998,13.949999,41.289997,22.499998
European Union (27),OWID_EU27,2018,1.64,1.56,14.43,42.31,22.85
European Union (27),OWID_EU27,2019,1.03,1.46,14.43,41.22,22.61
European Union (27),OWID_EU27,2020,0.94,1.41,14.07,39.74,23.21
European Union (27),OWID_EU27,2021,0.95,1.35,14.1,40.79,22.52
European Union (27),OWID_EU27,2022,0.96999997,1.4299998,13.949999,39.569996,23.029999
European Union (27),OWID_EU27,2023,0.96999997,1.3399999,13.409999,39.349995,23.479998
Finland,FIN,1961,1.230552,0.49021992,17.56788,13.936252,1.4606552
Finland,FIN,1962,1.0907913,0.4203049,18.253242,14.79073,1.4210309
Finland,FIN,1963,1.2497522,0.37992465,19.56612,14.557114,1.5196986
Finland,FIN,1964,1.4390213,0.32977572,21.565332,14.460165,1.4989804
Finland,FIN,1965,1.6403054,0.3900726,20.653845,14.752747,1.5102812
Finland,FIN,1966,1.5484958,0.269738,20.400185,15.774676,1.5684764
Finland,FIN,1967,1.452824,0.26867294,19.742485,16.916443,1.582185
Finland,FIN,1968,1.3487282,0.22809374,19.229294,17.126865,1.4974849
Finland,FIN,1969,1.2523477,0.2484817,21.19052,18.258436,1.7493112
Finland,FIN,1970,1.2101818,0.30004507,20.913141,20.683107,1.890284
Finland,FIN,1971,1.1827797,0.3508245,20.979305,22.322462,1.8242875
Finland,FIN,1972,1.1513513,0.30035254,21.975794,22.996992,2.132503
Finland,FIN,1973,1.0406889,0.23015237,22.725044,24.456192,1.8011924
Finland,FIN,1974,1.2104216,0.23008013,23.19808,24.078384,1.8706515
Finland,FIN,1975,0.9099668,0.23999123,24.399109,27.319002,2.3699133
Finland,FIN,1976,0.87030566,0.22007729,24.098463,26.099165,2.4708676
Finland,FIN,1977,0.8200725,0.24002121,23.172049,27.232407,2.7102396
Finland,FIN,1978,0.7796318,0.18991032,22.189522,28.156704,2.49882
Finland,FIN,1979,0.68979186,0.19993968,23.023054,29.151205,2.8791316
Finland,FIN,1980,0.5499588,0.17998652,23.988203,29.89776,3.1697626
Finland,FIN,1981,0.58013904,0.19004557,21.595177,29.90717,3.5308464
Finland,FIN,1982,0.51990473,0.2199597,22.415894,31.594213,3.4193738
Finland,FIN,1983,0.4597356,0.25985056,19.95852,32.97104,3.7778273
Finland,FIN,1984,2.7484076,0.2998263,20.787954,30.652239,3.9477127
Finland,FIN,1985,2.9798408,0.29998398,21.748838,31.518316,4.1397786
Finland,FIN,1986,2.351311,0.27015066,21.532007,32.59818,4.4524827
Finland,FIN,1987,2.1120288,0.29027885,22.681791,32.741455,5.385174
Finland,FIN,1988,2.2624538,0.3103366,21.893747,33.716568,5.6060805
Finland,FIN,1989,2.441708,0.28019598,21.204832,33.603508,6.7046895
Finland,FIN,1990,0.70005953,0.27002296,22.261892,32.522766,7.2206135
Finland,FIN,1991,0.98903465,0.27972698,20.190292,32.45832,7.8823066
Finland,FIN,1992,0.7189798,0.28958905,19.801899,32.104443,7.749004
Finland,FIN,1993,0.78912777,0.2896798,19.048944,29.407495,7.4617524
Finland,FIN,1994,0.67967206,0.32984087,19.740475,29.315855,8.45592
Finland,FIN,1995,0.69001096,0.44000697,19.360308,32.330513,9.3201475
Finland,FIN,1996,0.61015296,0.4101028,19.074781,32.628178,10.972751
Finland,FIN,1997,0.4700981,0.3900814,19.294027,32.86686,10.892274
Finland,FIN,1998,0.6599302,0.37995982,19.56793,34.23638,11.878744
Finland,FIN,1999,0.589941,0.35996404,18.958105,33.806625,12.678734
Finland,FIN,2000,0.7599711,0.3599863,18.049313,32.668755,13.64948
Finland,FIN,2001,0.8500049,0.27000156,18.080105,31.870186,15.70009
Finland,FIN,2002,0.87990725,0.2599726,18.0381,32.146614,16.96821
Finland,FIN,2003,1.0400083,0.3100025,18.270147,32.09026,17.770144
Finland,FIN,2004,1.1299682,0.28999183,18.939468,32.93907,17.989494
Finland,FIN,2005,1.209982,0.31999522,18.999718,33.409504,17.889734
Finland,FIN,2006,1.2604191,0.43014306,19.026329,33.091007,17.335766
Finland,FIN,2007,1.9211925,0.53032917,18.591541,35.20185,18.801672
Finland,FIN,2008,1.651435,0.48041743,18.315914,33.989532,19.677097
Finland,FIN,2009,1.831764,0.48046264,18.207533,34.002743,18.427744
Finland,FIN,2010,2.0300012,0.5600003,18.39001,36.44002,18.680012
Finland,FIN,2011,2.2700016,0.57000047,18.740015,34.850025,18.920015
Finland,FIN,2012,1.9999971,0.55999917,19.45997,37.089947,18.859974
Finland,FIN,2013,1.6899978,0.5599993,19.159975,36.22995,18.939976
Finland,FIN,2014,1.7399981,0.5499994,18.22998,35.81996,18.62998
Finland,FIN,2015,1.5100003,0.55000013,17.720003,36.010006,18.590004
Finland,FIN,2016,1.3100004,0.56000024,18.130007,36.120014,18.760008
Finland,FIN,2017,1.4900005,0.5600002,18.830006,36.19001,18.990005
Finland,FIN,2018,1.680003,0.57000107,19.310036,37.38007,19.580036
Finland,FIN,2019,1.1500012,0.54000056,17.910019,31.840033,20.58002
Finland,FIN,2020,0.6599993,0.46999946,17.64998,29.999968,21.059977
Finland,FIN,2021,0.7500001,0.44000006,19.320004,30.790005,22.790005
Finland,FIN,2022,0.8,0.44999996,17.81,29.209997,23.47
Finland,FIN,2023,0.5000004,0.41000035,17.300014,27.870026,23.32002
France,FRA,1961,9.047909,2.2422218,28.21051,25.622572,10.904903
France,FRA,1962,9.209326,2.2229407,28.46158,26.695135,11.045237
France,FRA,1963,9.471427,2.1136236,28.444191,26.669544,11.60499
France,FRA,1964,9.628986,2.2397642,28.277023,27.247131,12.128723
France,FRA,1965,9.82033,2.4049788,28.078127,28.559122,12.505889
France,FRA,1966,10.120433,2.5677214,29.23792,28.53581,9.177598
France,FRA,1967,10.517528,2.6068227,29.597466,29.567387,9.484825
France,FRA,1968,10.726671,2.6441095,30.026667,30.617584,9.504772
France,FRA,1969,11.087952,2.7494922,30.3144,29.624527,11.627852
France,FRA,1970,11.146024,2.8239253,29.925625,30.474447,11.964263
France,FRA,1971,11.110859,3.0293286,29.605707,31.847809,12.06749
France,FRA,1972,11.219551,3.208433,28.497261,32.42311,13.013085
France,FRA,1973,11.267243,3.290434,28.29773,32.076744,14.178779
France,FRA,1974,11.094396,3.2853792,28.959269,32.394436,14.309874
France,FRA,1975,11.169453,3.4329052,29.725157,33.24814,14.051892
France,FRA,1976,11.255632,3.5180116,30.569616,33.636604,14.843804
France,FRA,1977,11.07386,3.5777085,31.02685,34.384087,14.962238
France,FRA,1978,10.766565,3.545455,31.28814,35.905243,15.64407
France,FRA,1979,11.100768,3.6635537,32.791805,36.805702,15.875399
France,FRA,1980,10.849988,3.8199956,32.699963,37.459957,16.039982
France,FRA,1981,10.429993,4.1560125,31.559721,35.665783,16.464203
France,FRA,1982,9.064795,4.2528663,30.92812,35.25087,17.999807
France,FRA,1983,9.623947,4.1331058,31.217926,35.34105,16.372688
France,FRA,1984,9.398467,4.224816,31.850914,35.30667,16.769423
France,FRA,1985,9.321059,4.0561094,31.56972,35.176258,17.553164
France,FRA,1986,6.505466,4.356963,31.538017,35.345364,17.837568
France,FRA,1987,7.0752797,4.516987,31.41904,35.88606,19.267147
France,FRA,1988,6.942497,4.5350986,29.957624,36.720314,19.438992
France,FRA,1989,6.777413,4.5615287,29.934404,36.262653,20.54185
France,FRA,1990,6.583296,4.4686613,32.926453,33.70448,20.767305
France,FRA,1991,6.5401196,4.386666,34.355568,33.787292,21.55448
France,FRA,1992,6.465658,4.363572,30.126581,35.067978,21.638536
France,FRA,1993,6.394314,4.3724356,26.284414,35.646805,20.985699
France,FRA,1994,6.0482454,4.3144813,25.757355,35.591984,23.03714
France,FRA,1995,6.020984,4.3063993,27.82213,35.717197,23.685196
France,FRA,1996,6.1526003,4.317789,27.591969,35.330086,25.54775
France,FRA,1997,5.884823,4.3487844,27.529001,35.538345,26.292192
France,FRA,1998,5.8258104,4.2995276,27.722479,37.18942,26.645102
France,FRA,1999,5.8113303,4.226422,26.146002,37.060936,25.248884
France,FRA,2000,5.793513,4.2107487,25.92149,37.379105,26.339577
France,FRA,2001,5.6710615,3.4225357,27.350437,37.180275,27.42008
France,FRA,2002,5.01667,3.414123,27.940067,35.66415,25.571085
France,FRA,2003,4.4941764,3.3880708,26.197758,37.41825,24.394108
France,FRA,2004,3.7593853,3.3605113,26.166119,33.47548,24.141834
France,FRA,2005,3.2405055,3.3402133,26.442526,34.299507,20.719294
France,FRA,2006,3.2891064,3.3090403,25.684933,30.788029,20.013714
France,FRA,2007,3.4576924,3.29826,26.575405,29.206041,20.905586
France,FRA,2008,2.8895056,3.3478408,25.736526,34.62425,24.092499
France,FRA,2009,2.421588,3.338403,26.009647,34.759254,23.578094
France,FRA,2010,2.7899997,3.7299995,25.849998,34.569996,23.619999
France,FRA,2011,2.6400003,3.5400002,25.300001,33.460003,23.580002
France,FRA,2012,2.4700003,3.4700003,25.020002,33.480003,23.750002
France,FRA,2013,2.6799998,3.3799999,23.779999,33.149998,23.829998
France,FRA,2014,2.5999997,3.3199997,23.789999,33.479996,25.119999
France,FRA,2015,2.41,3.1600003,23.760002,33.84,25.490002
France,FRA,2016,2.7300003,2.9800003,23.620003,32.830006,25.800001
France,FRA,2017,2.4500003,2.9200003,22.990002,32.930004,25.530003
France,FRA,2018,2.21,2.91,23.11,33.56,26.75
France,FRA,2019,1.2,2.51,23.2,32.76,25.5
France,FRA,2020,0.85000014,2.3900003,22.530003,32.330006,25.720003
France,FRA,2021,0.59,2.34,22.47,32.63,25.05
France,FRA,2022,0.59999996,2.3799999,22.639997,32.889996,24.259998
France,FRA,2023,0.5199999,2.2099998,21.649998,31.179996,24.739996
Germany,DEU,1961,0.92656857,0.7452834,20.062223,37.54617,5.015556
Germany,DEU,1962,1.0075003,0.79592526,21.651182,36.73346,5.4808016
Germany,DEU,1963,1.0377079,0.68508875,21.126926,37.09554,5.037417
Germany,DEU,1964,0.92803204,0.59515095,20.346092,39.229527,5.477406
Germany,DEU,1965,0.92833245,0.51461905,20.17105,40.644814,5.771806
Germany,DEU,1966,1.0493665,0.49441305,20.85616,39.956646,5.9834065
Germany,DEU,1967,1.1437883,0.42512488,21.08417,41.297844,6.3566294
Germany,DEU,1968,1.1060244,0.39573348,21.998724,44.403324,6.6462936
Germany,DEU,1969,1.0733136,0.40502402,22.458582,44.12737,6.8550315
Germany,DEU,1970,1.1557709,0.4258103,23.733856,45.511013,7.542926
Germany,DEU,1971,1.2792528,0.40611202,23.595106,48.246105,8.081629
Germany,DEU,1972,1.2958224,0.43531534,23.112207,49.808174,8.331733
Germany,DEU,1973,1.3231058,0.52520233,23.169504,49.16702,8.554738
Germany,DEU,1974,1.2822393,0.5351077,23.615414,52.218437,8.137676
Germany,DEU,1975,1.2965426,0.6989175,23.195957,53.512775,8.863085
Germany,DEU,1976,1.2908007,0.7724477,23.22425,53.634296,8.629054
Germany,DEU,1977,1.3226867,0.8037866,23.01475,54.453995,9.045142
Germany,DEU,1978,1.3727372,0.82364225,23.753437,57.19738,9.6193285
Germany,DEU,1979,1.3394772,0.89298475,23.177013,58.835518,9.619881
Germany,DEU,1980,1.3242787,0.9098098,23.291134,60.704536,9.765292
Germany,DEU,1981,1.249341,0.8161018,23.11281,61.21771,9.662243
Germany,DEU,1982,1.2181548,0.8859307,22.41002,59.629177,9.785508
Germany,DEU,1983,1.2396996,0.9574915,22.496012,61.158512,9.464048
Germany,DEU,1984,1.1723112,0.89944565,22.061684,61.72825,9.61093
Germany,DEU,1985,1.1145875,0.88153744,22.930105,62.862736,9.57532
Germany,DEU,1986,1.0043842,0.8420595,23.080545,63.39795,9.769919
Germany,DEU,1987,1.0158422,0.8939411,23.374529,64.140274,10.30064
Germany,DEU,1988,0.9345068,0.8126146,22.956362,64.01372,10.797616
Germany,DEU,1989,0.90143305,0.90143305,22.262358,60.861927,10.624756
Germany,DEU,1990,0.91889405,1.0299691,21.932283,60.121925,11.2084875
Germany,DEU,1991,0.91819096,0.87783086,21.259651,53.931107,11.532882
Germany,DEU,1992,1.1194645,0.9681855,20.099936,53.371227,12.162831
Germany,DEU,1993,1.0897843,0.9283348,17.64845,54.014954,11.230832
Germany,DEU,1994,1.1536118,0.95122373,16.585697,54.007244,12.133162
Germany,DEU,1995,1.8450326,0.9833415,15.905802,52.046135,11.769685
Germany,DEU,1996,1.9665498,1.0643697,16.229103,53.208347,13.502289
Germany,DEU,1997,2.016602,0.99310046,14.805304,51.722294,13.123113
Germany,DEU,1998,2.2399447,1.0181568,14.498551,55.540447,13.918202
Germany,DEU,1999,2.5248177,0.9915277,12.848971,55.627766,12.767196
Germany,DEU,2000,3.3283405,1.031173,13.292943,53.855816,12.966234
Germany,DEU,2001,4.7537937,0.96912104,10.599124,52.301933,14.353192
Germany,DEU,2002,3.181461,0.8973352,11.767327,53.075336,13.398847
Germany,DEU,2003,3.9081926,0.8775577,11.693966,54.561638,13.76541
Germany,DEU,2004,1.3686681,0.9192546,12.542719,54.756935,14.830642
Germany,DEU,2005,1.3590045,0.9911537,12.353658,54.370396,14.724252
Germany,DEU,2006,2.0498893,0.9224502,12.473577,54.762794,14.277479
Germany,DEU,2007,2.7654555,0.9252453,13.138483,56.069866,15.564683
Germany,DEU,2008,2.7138588,0.842941,12.911389,54.52389,17.115814
Germany,DEU,2009,2.559152,0.801662,12.898538,54.82135,17.266567
Germany,DEU,2010,2.2500002,0.8000001,12.930001,55.670002,17.950003
Germany,DEU,2011,2.2699997,0.9099999,13.699998,54.829994,18.169998
Germany,DEU,2012,2.34,0.77,13.66,53.65,17.82
Germany,DEU,2013,2.53,0.74,13.44,52.89,18
Germany,DEU,2014,2.6,0.81,13.59,49.91,17.72
Germany,DEU,2015,2.27,0.81,14.17,51.56,17.66
Germany,DEU,2016,2.41,0.8,14.54,45.73,17.82
Germany,DEU,2017,2.05,0.81,14.88,44.42,17.96
Germany,DEU,2018,1.78,0.82,14.8,45.34,18.1
Germany,DEU,2019,0.78000003,0.84000003,14.410001,46.490005,17.3
Germany,DEU,2020,0.83,0.95,14.68,43.9,18.05
Germany,DEU,2021,0.94,0.7,14.9,41.68,17.09
Germany,DEU,2022,1.03,0.76,13.93,38.72,16.63
Germany,DEU,2023,0.92999995,0.74999994,13.549999,38.669994,16.769999
Greece,GRC,1961,0.8637165,9.113698,5.1128044,4.3682213,1.459383
Greece,GRC,1962,0.9949992,9.581842,6.4774446,4.636696,2.0795481
Greece,GRC,1963,0.9779945,10.189106,8.851848,4.560648,2.7743108
Greece,GRC,1964,0.9606773,10.997754,9.126434,4.5331964,3.082173
Greece,GRC,1965,0.9533035,12.61371,11.359364,5.5090904,4.3249874
Greece,GRC,1966,0.83164537,13.085891,12.2442255,5.7914586,5.180249
Greece,GRC,1967,0.799154,13.335882,13.675522,5.20449,6.0935493
Greece,GRC,1968,0.7980807,13.098498,14.914132,4.888244,5.436924
Greece,GRC,1969,0.8799931,13.87989,16.119873,5.06996,6.719947
Greece,GRC,1970,0.9448594,14.524699,19.912409,6.2923617,7.5488234
Greece,GRC,1971,0.9852384,17.261778,15.984989,7.4496083,9.389925
Greece,GRC,1972,1.0926632,16.009018,15.53787,8.610988,10.325166
Greece,GRC,1973,1.2425928,15.993372,17.767073,10.942834,11.764548
Greece,GRC,1974,1.6473264,13.04803,16.222147,12.043563,11.209855
Greece,GRC,1975,1.2240633,13.675395,17.247252,11.769066,12.290798
Greece,GRC,1976,1.3884505,14.254093,22.225197,12.6858425,12.665866
Greece,GRC,1977,1.3188589,13.42838,21.851093,14.047845,12.009608
Greece,GRC,1978,1.2423815,13.8766,25.22836,15.139019,11.922854
Greece,GRC,1979,1.341265,13.732951,22.791494,16.485546,13.03229
Greece,GRC,1980,1.3385538,12.796174,21.706547,15.463292,13.515397
Greece,GRC,1981,1.1568607,12.8850355,15.837025,17.362885,13.752681
Greece,GRC,1982,1.1350784,13.073316,20.15262,18.280737,14.925285
Greece,GRC,1983,1.0830175,13.512878,22.137276,20.09047,14.844294
Greece,GRC,1984,1.040974,13.542577,21.463894,20.908707,14.861144
Greece,GRC,1985,1.1678864,13.549461,20.932878,19.586842,14.133405
Greece,GRC,1986,0.92921376,13.5230255,21.708014,20.017637,14.11614
Greece,GRC,1987,0.7603103,13.843573,21.96013,22.177362,14.366903
Greece,GRC,1988,0.9771586,14.075032,21.655415,18.595625,14.459973
Greece,GRC,1989,1.4620337,14.887059,23.027029,21.011795,15.005602
Greece,GRC,1990,1.1885955,14.639535,20.295269,19.453346,15.630031
Greece,GRC,1991,1.5907408,14.326609,20.222292,18.561956,15.619085
Greece,GRC,1992,1.2188348,14.785864,21.689262,21.299637,14.576065
Greece,GRC,1993,1.3061484,14.41787,20.21516,21.149557,14.759478
Greece,GRC,1994,1.3737392,14.383858,19.798006,22.49498,15.343454
Greece,GRC,1995,1.4710579,14.172881,20.533937,28.010971,17.003399
Greece,GRC,1996,1.5673784,14.564406,20.457342,24.253654,15.663607
Greece,GRC,1997,1.652282,14.370774,19.88858,29.373901,12.402314
Greece,GRC,1998,1.8373624,14.464126,20.680536,26.988815,13.392331
Greece,GRC,1999,1.6532288,14.705571,23.31869,32.421654,12.695164
Greece,GRC,2000,1.7016512,12.879564,34.787052,36.52946,13.5520735
Greece,GRC,2001,1.9297593,12.655158,23.04539,36.10681,16.382639
Greece,GRC,2002,1.4174465,12.524153,20.077118,31.507812,15.460293
Greece,GRC,2003,1.737885,12.731018,19.803806,28.119383,20.925346
Greece,GRC,2004,1.3305663,14.515268,17.962645,27.095167,17.307442
Greece,GRC,2005,1.3976783,14.519765,17.858105,29.240635,18.29048
Greece,GRC,2006,1.7056934,14.71913,19.46497,32.0871,14.297724
Greece,GRC,2007,2.3545237,13.946796,18.465479,28.895517,13.846603
Greece,GRC,2008,1.450802,13.687566,18.300116,29.41626,14.718135
Greece,GRC,2009,2.3178973,13.397846,19.072699,29.882893,14.966423
Greece,GRC,2010,2.780001,13.0300045,20.260008,29.380009,14.900005
Greece,GRC,2011,2.4400005,13.330002,17.960003,31.500006,13.330002
Greece,GRC,2012,2.7400022,12.95001,17.150013,27.730022,14.950011
Greece,GRC,2013,4.0400023,12.6600065,16.34001,28.790016,15.970009
Greece,GRC,2014,2.4000003,11.620001,14.760001,27.870003,15.030001
Greece,GRC,2015,2.2099998,7.849999,13.949998,27.889996,14.909998
Greece,GRC,2016,2.0999987,7.7499957,14.329992,27.899984,14.869991
Greece,GRC,2017,2.1599998,6.959999,15.209997,28.139996,15.049997
Greece,GRC,2018,1.829999,6.719996,15.369991,28.539984,27.369986
Greece,GRC,2019,1.9799999,8.249999,14.739999,28.199999,25.309998
Greece,GRC,2020,1.7,7.43,14.21,24.39,22.6
Greece,GRC,2021,2.0099998,7.479999,14.349998,25.999996,25.759996
Greece,GRC,2022,1.9199998,8.5,14.759999,27.319998,26.999998
Greece,GRC,2023,1.83,7.11,14.97,27.82,30.27
Hungary,HUN,1961,1.14051,0.94042045,19.648785,46.870956,9.404204
Hungary,HUN,1962,0.840579,0.9706687,20.514132,49.033775,9.796748
Hungary,HUN,1963,0.6410254,0.8413459,21.173872,48.397423,10.406648
Hungary,HUN,1964,0.7014966,0.6914753,20.363445,48.894318,11.023519
Hungary,HUN,1965,0.6819367,0.98279107,18.883629,50.36303,11.021299
Hungary,HUN,1966,0.6020407,1.0535711,17.118023,48.022778,11.619385
Hungary,HUN,1967,0.5517345,1.0834059,18.167112,49.886826,12.2184105
Hungary,HUN,1968,0.65186864,0.7822424,19.134853,55.599384,12.124758
Hungary,HUN,1969,0.521386,0.74197245,19.341417,53.532307,13.024624
Hungary,HUN,1970,0.96287185,0.65194446,19.839172,54.733246,14.23245
Hungary,HUN,1971,0.9534925,0.43158084,19.672056,58.27345,14.744005
Hungary,HUN,1972,1.1246096,0.4618932,17.853176,64.725296,14.439183
Hungary,HUN,1973,1.3461235,0.331508,19.89048,63.7299,15.038409
Hungary,HUN,1974,1.1344407,0.40157193,19.235294,67.81546,15.540833
Hungary,HUN,1975,1.7341698,0.43103644,14.665263,72.76496,15.356926
Hungary,HUN,1976,1.7032526,0.27051657,20.919947,63.300877,16.491491
Hungary,HUN,1977,1.313435,0.17044576,18.187565,67.54665,16.192347
Hungary,HUN,1978,1.3957125,0.25102744,20.564165,69.03254,17.019659
Hungary,HUN,1979,1.1056337,0.1809219,17.298141,69.83585,17.398655
Hungary,HUN,1980,1.2171985,0.41243914,19.716602,70.19513,18.026608
Hungary,HUN,1981,1.1576102,0.47311026,19.025072,72.798584,18.92441
Hungary,HUN,1982,1.1367751,0.31185868,18.892601,72.743546,20.210455
Hungary,HUN,1983,0.7736975,0.34163266,16.217503,77.55061,19.93527
Hungary,HUN,1984,0.87317866,0.38138837,15.014658,76.24757,21.026545
Hungary,HUN,1985,0.67163527,0.36087865,15.62805,76.245636,20.971058
Hungary,HUN,1986,0.6009077,0.35052946,17.796883,74.7429,22.524023
Hungary,HUN,1987,0.35023043,0.29019094,17.471495,76.68045,22.534828
Hungary,HUN,1988,0.2600614,0.2700638,15.683703,75.89792,20.53485
Hungary,HUN,1989,0.15009487,0.48030353,15.769967,77.97928,22.063944
Hungary,HUN,1990,0.2901039,0.36012903,13.054676,70.8954,22.748148
Hungary,HUN,1991,0.3297401,0.43965346,16.037357,67.80656,20.204073
Hungary,HUN,1992,0.6096191,0.31980014,17.589008,64.97939,22.935669
Hungary,HUN,1993,1.1007574,0.09006197,17.952353,57.149323,21.975119
Hungary,HUN,1994,1.2826076,0.070142604,15.251006,52.63701,22.716183
Hungary,HUN,1995,0.9928012,0.18050931,11.131408,49.078472,23.656748
Hungary,HUN,1996,0.99314827,0.14044522,8.506967,49.195953,23.354033
Hungary,HUN,1997,0.7323011,0.17053588,9.720544,46.61648,24.737732
Hungary,HUN,1998,0.8425632,0.23070185,7.1918793,45.80936,27.022207
Hungary,HUN,1999,1.1838336,0.33107215,7.6246915,47.022274,28.01071
Hungary,HUN,2000,1.5550804,0.34111443,12.50084,46.07051,34.14154
Hungary,HUN,2001,1.1432862,0.16046122,9.898452,43.59531,34.02781
Hungary,HUN,2002,0.9929821,0.26078317,10.501538,48.64609,37.171635
Hungary,HUN,2003,0.76248324,0.09029407,11.999078,41.68576,34.171288
Hungary,HUN,2004,0.94300216,0.20063876,8.988617,46.397713,34.09856
Hungary,HUN,2005,0.6720167,0.12036119,6.3289924,43.68108,33.43032
Hungary,HUN,2006,1.1430688,0.110296115,7.851078,46.344425,29.439037
Hungary,HUN,2007,1.0026824,0.100268245,6.748053,47.88811,27.744225
Hungary,HUN,2008,1.0029298,0.13038087,5.7969346,45.663395,28.402973
Hungary,HUN,2009,0.8826061,0.11032576,5.686792,44.661873,27.471115
Hungary,HUN,2010,1.8400004,0.11000002,5.730001,40.63001,23.370005
Hungary,HUN,2011,1.6700008,0.14000006,6.440003,41.670017,24.930012
Hungary,HUN,2012,2.0299997,0.13999999,5.9999995,39.219997,25.819998
Hungary,HUN,2013,1.9800011,0.11000006,5.5300035,35.16002,23.400013
Hungary,HUN,2014,1.1899997,0.13999996,5.229998,40.01999,25.249992
Hungary,HUN,2015,1.0299999,0.13999999,4.9299994,44.979996,24.729998
Hungary,HUN,2016,1.1500001,0.13000001,5.2900004,47.870007,24.840004
Hungary,HUN,2017,1.049999,0.13999988,5.489995,49.53996,25.139978
Hungary,HUN,2018,1.0699995,0.14999992,5.8099966,53.93997,26.509985
Hungary,HUN,2019,0.16000006,0.16000006,6.1100025,51.41002,27.33001
Hungary,HUN,2020,0.23000003,0.080000006,5.7700005,47.870003,27.480001
Hungary,HUN,2021,0.4600001,0.10000002,5.7400007,50.010006,25.340004
Hungary,HUN,2022,0.36000007,0.12000002,5.590001,48.500008,24.210003
Hungary,HUN,2023,0.46999976,0.13999993,4.4299974,47.209976,24.079987
Ireland,IRL,1961,1.4416844,10.552328,16.04875,23.89792,5.216094
Ireland,IRL,1962,0.09011138,11.183823,16.86084,24.290022,5.256497
Ireland,IRL,1963,0.060083676,11.335787,17.91495,24.874643,6.108507
Ireland,IRL,1964,0.16021453,11.124896,17.503437,26.986135,6.819131
Ireland,IRL,1965,0.11007056,10.616805,17.36113,29.268763,7.314689
Ireland,IRL,1966,0.1399087,10.752983,17.218763,28.021715,8.404515
Ireland,IRL,1967,0.13973883,11.009423,18.55532,26.161104,8.3643675
Ireland,IRL,1968,0.17952032,10.7413,19.13886,26.778448,9.574417
Ireland,IRL,1969,0.1697249,11.01215,19.318686,29.27255,10.203462
Ireland,IRL,1970,0.17009173,10.745795,19.620583,31.276869,10.075434
Ireland,IRL,1971,0.17027722,11.098068,22.196136,31.020504,11.218264
Ireland,IRL,1972,0.17010339,10.9266405,20.63254,31.709272,11.637073
Ireland,IRL,1973,0.16002925,10.251874,18.583397,30.705614,12.882356
Ireland,IRL,1974,0.16009311,10.816292,30.897972,31.02805,10.876327
Ireland,IRL,1975,0.15018307,10.803168,33.90132,26.732586,10.262509
Ireland,IRL,1976,0.15026052,9.20596,32.716724,28.96021,11.670233
Ireland,IRL,1977,0.11020955,9.337754,30.47795,27.752768,12.293374
Ireland,IRL,1978,0.15017189,7.7488694,25.579277,29.383633,13.4554
Ireland,IRL,1979,0.16010398,7.715011,24.976221,30.43977,14.629501
Ireland,IRL,1980,0.2101697,7.746255,26.151115,30.864923,13.941257
Ireland,IRL,1981,0.22026633,8.049733,27.05271,31.468048,15.178352
Ireland,IRL,1982,0.2003722,7.2033806,32.039516,32.05955,16.65093
Ireland,IRL,1983,0.2505994,7.2172627,27.465694,33.7808,16.920471
Ireland,IRL,1984,0.3006013,6.793589,33.07616,32.6954,17.635277
Ireland,IRL,1985,0.31023923,6.9053245,30.223305,32.30491,18.66439
Ireland,IRL,1986,0.30966085,6.8025494,27.559814,33.583218,20.457594
Ireland,IRL,1987,0.2697421,6.7735233,28.143091,32.478943,22.178793
Ireland,IRL,1988,0.22049354,6.9255013,27.621826,34.747776,22.580544
Ireland,IRL,1989,0.1910244,7.3996816,21.816998,34.84687,21.97786
Ireland,IRL,1990,0.13062835,9.003308,23.000639,34.003567,24.166245
Ireland,IRL,1991,0.15015882,9.159687,23.394745,35.647705,24.976418
Ireland,IRL,1992,0.03989414,9.255441,21.074081,36.50314,23.54752
Ireland,IRL,1993,0.17949073,9.752329,19.484716,32.507763,23.95204
Ireland,IRL,1994,0.1298855,7.6632447,17.954172,31.132557,26.836344
Ireland,IRL,1995,0.13001098,11.440966,15.441304,31.862692,25.772177
Ireland,IRL,1996,0.24996516,8.938754,16.977634,32.625454,26.026373
Ireland,IRL,1997,0.3997509,9.424128,19.068117,35.02817,24.854513
Ireland,IRL,1998,1.3784846,10.618328,20.027983,37.728527,25.831604
Ireland,IRL,1999,0.30983993,9.7649555,19.270044,42.46806,32.713097
Ireland,IRL,2000,0.7802894,8.38311,17.826612,37.213806,30.95148
Ireland,IRL,2001,3.3426101,3.1624696,25.029547,38.720234,28.13197
Ireland,IRL,2002,1.0920974,5.4905443,26.871607,40.31743,27.532875
Ireland,IRL,2003,0.85384566,5.1532097,23.58623,42.25029,27.61437
Ireland,IRL,2004,1.4470598,6.0394645,27.775505,39.151,27.956388
Ireland,IRL,2005,1.7511443,5.1433606,26.04702,35.79339,32.23106
Ireland,IRL,2006,4.0391164,4.7618017,27.462032,35.985756,27.838226
Ireland,IRL,2007,2.6565318,4.717297,23.381386,33.99775,25.520285
Ireland,IRL,2008,1.6298201,4.22007,21.4787,32.761326,26.775616
Ireland,IRL,2009,2.0329528,4.0367246,22.158215,31.710173,25.309776
Ireland,IRL,2010,1.7899984,3.509997,21.99998,30.269974,22.679981
Ireland,IRL,2011,1.6299989,2.7699983,21.869987,29.74998,21.169987
Ireland,IRL,2012,0.9499989,2.9899967,22.219975,31.529966,25.189972
Ireland,IRL,2013,1.7400014,4.1000032,22.240019,32.320026,26.270023
Ireland,IRL,2014,1.3300012,3.290003,18.960016,30.490028,24.650023
Ireland,IRL,2015,1.8999972,3.3399951,20.04997,29.609959,26.539963
Ireland,IRL,2016,2.469997,3.3499956,19.859976,26.759966,27.079966
Ireland,IRL,2017,0.9200004,3.370001,20.040009,28.50001,23.66001
Ireland,IRL,2018,1.1600002,3.3800008,23.390005,29.780006,24.200006
Ireland,IRL,2019,1.0099994,3.559998,19.27999,29.209982,27.889984
Ireland,IRL,2020,0.5600009,2.9000046,20.250032,29.080046,28.670046
Ireland,IRL,2021,2.5700011,3.9100018,23.220009,27.580011,30.500013
Ireland,IRL,2022,2.5200024,4.1500044,23.130022,28.61003,29.990028
Ireland,IRL,2023,3.6500008,4.290001,23.140003,31.110006,36.20001
Italy,ITA,1961,2.0721085,0.8208353,14.865128,7.888027,5.37547
Italy,ITA,1962,2.1832767,0.8713077,16.50477,8.392595,6.2093186
Italy,ITA,1963,2.263442,0.85129464,18.758526,8.162413,7.190935
Italy,ITA,1964,2.2315483,0.84058315,18.26267,9.606666,8.465874
Italy,ITA,1965,2.2687771,0.7995691,18.33012,9.584834,10.034592
Italy,ITA,1966,2.3363912,0.8686583,21.556705,9.365535,10.703468
Italy,ITA,1967,2.364415,0.8978791,23.753891,10.315634,10.355539
Italy,ITA,1968,2.463995,0.9476903,23.52267,11.402211,10.713888
Italy,ITA,1969,2.6745884,1.0379,24.520388,11.247244,10.9578285
Italy,ITA,1970,2.8764274,1.1186106,25.807945,12.864022,11.735424
Italy,ITA,1971,3.1195471,1.1198375,26.1962,14.247932,12.158236
Italy,ITA,1972,3.4204073,1.1201334,25.343018,14.8517685,13.161567
Italy,ITA,1973,3.4791965,1.0597552,27.393673,15.916325,14.686608
Italy,ITA,1974,3.617351,0.91932684,25.281487,17.367281,15.148907
Italy,ITA,1975,3.9049644,1.0786091,23.27998,18.276432,15.619858
Italy,ITA,1976,4.0240116,1.0983654,23.91441,18.901869,16.37563
Italy,ITA,1977,4.3231955,1.3378943,24.151987,19.798838,16.573914
Italy,ITA,1978,4.542682,1.3877643,24.151094,22.07444,17.28216
Italy,ITA,1979,4.722721,1.4577533,25.221128,22.95462,17.652792
Italy,ITA,1980,4.86347,1.4251561,26.131184,24.765825,18.068586
Italy,ITA,1981,4.7969623,1.3933084,25.756302,25.049696,18.003536
Italy,ITA,1982,4.712556,1.4047999,25.76463,24.579018,18.531404
Italy,ITA,1983,4.8077636,1.5959381,26.891556,26.55242,18.622602
Italy,ITA,1984,4.831365,1.437431,26.023489,28.259491,18.247387
Italy,ITA,1985,5.0625544,1.5077823,25.981787,27.859026,17.973564
Italy,ITA,1986,5.074017,1.4682689,26.368908,28.236708,18.058708
Italy,ITA,1987,5.1737247,1.5081707,27.316868,29.454275,18.70731
Italy,ITA,1988,5.4200087,1.5671113,26.88045,30.054598,19.154692
Italy,ITA,1989,5.275818,1.6854693,26.997427,30.867027,19.328043
Italy,ITA,1990,5.112059,1.7638097,27.084944,31.748575,19.541418
Italy,ITA,1991,5.428955,1.7731266,27.423695,32.035816,19.434664
Italy,ITA,1992,5.657032,1.7628428,25.974543,33.135468,19.630299
Italy,ITA,1993,5.636857,1.7129673,26.550991,34.19959,19.39039
Italy,ITA,1994,5.615038,1.7261777,26.775597,33.749752,18.858988
Italy,ITA,1995,5.6169763,1.6076858,25.286318,32.63007,18.27006
Italy,ITA,1996,5.836924,1.6435025,25.349781,35.698868,18.58652
Italy,ITA,1997,5.649978,1.6213847,24.072092,35.183052,18.561373
Italy,ITA,1998,5.574193,1.5699153,24.393303,37.817074,18.421665
Italy,ITA,1999,5.6832466,1.569848,25.554737,36.81194,18.291708
Italy,ITA,2000,5.7710166,1.5323043,24.80542,37.262856,18.845354
Italy,ITA,2001,6.577838,1.5471394,23.875854,39.716568,18.246264
Italy,ITA,2002,6.0784955,1.4520295,24.093674,39.725517,18.035206
Italy,ITA,2003,5.171466,1.4231553,24.72482,40.189106,15.013287
Italy,ITA,2004,5.3182387,1.4121877,23.56651,39.701504,15.764421
Italy,ITA,2005,5.404028,1.4537739,23.671448,38.790695,15.450106
Italy,ITA,2006,5.510179,1.4881505,24.413713,40.542046,13.534125
Italy,ITA,2007,5.565297,1.4089359,24.203505,41.20131,15.910912
Italy,ITA,2008,5.7600455,1.3671312,23.030128,39.14418,17.12935
Italy,ITA,2009,5.709961,1.3370156,23.714434,39.899357,17.441519
Italy,ITA,2010,6.22,1.24,23.32,42.11,17.67
Italy,ITA,2011,6.2099996,1.1799998,21.709997,40.359997,18.24
Italy,ITA,2012,6.359999,1.1099998,20.889996,40.00999,19.129995
Italy,ITA,2013,6.0900006,0.92000014,18.740002,40.510002,18.710001
Italy,ITA,2014,3.4400003,0.96000004,19.63,36.55,18.39
Italy,ITA,2015,2.5500002,0.8900001,17.420002,36.780003,18.520002
Italy,ITA,2016,2.5300002,0.9400001,17.270002,36.140003,18.690002
Italy,ITA,2017,2.2300003,0.87000006,16.22,40.430004,18.960001
Italy,ITA,2018,2.2100003,0.88000005,17.090002,38.220005,19.060001
Italy,ITA,2019,1.1900002,0.89000005,17.340002,36.310005,19.500002
Italy,ITA,2020,1.0800002,0.77000004,16.080002,33.140003,20.740002
Italy,ITA,2021,1.11,0.81,15.84,35.58,20.92
Italy,ITA,2022,1.1100001,0.8600001,16.05,33.970005,20.250002
Italy,ITA,2023,1.24,0.86999995,14.489999,34.13,20.469997
Latvia,LVA,1992,0.78884196,1.4878159,30.535173,25.043236,8.287833
Latvia,LVA,1993,0.4809698,1.4829903,32.826187,26.152733,5.0301423
Latvia,LVA,1994,0.2403581,0.87129813,30.66569,24.276169,5.1076097
Latvia,LVA,1995,0.15012382,0.4403632,25.020636,26.932213,4.793954
Latvia,LVA,1996,0.13000491,0.30001137,11.500435,20.320768,5.3502026
Latvia,LVA,1997,0.18013102,0.17012374,11.278203,18.093159,7.045124
Latvia,LVA,1998,0.2003969,0.14027783,11.562901,15.390481,8.787404
Latvia,LVA,1999,0.1202097,0.110192224,9.83716,16.679096,7.402914
Latvia,LVA,2000,0.16018106,0.16018106,10.702096,15.687733,10.341689
Latvia,LVA,2001,0.23065913,0.16045852,9.567339,17.991413,11.964189
Latvia,LVA,2002,0.37090316,0.17041497,8.059626,22.083776,15.738323
Latvia,LVA,2003,0.26988405,0.1899184,10.225606,25.239157,16.602867
Latvia,LVA,2004,0.23934503,0.17950878,10.610964,25.4703,18.838448
Latvia,LVA,2005,0.23873699,0.20889486,9.151585,30.240019,19.715696
Latvia,LVA,2006,0.34652388,0.2277157,7.5839224,31.008936,21.058752
Latvia,LVA,2007,0.275703,0.25600994,8.694491,33.33052,21.288212
Latvia,LVA,2008,0.3927061,0.31416488,7.5497746,37.21872,21.932636
Latvia,LVA,2009,0.305652,0.28593248,6.586307,36.84585,20.60686
Latvia,LVA,2010,0.6199989,0.29999945,5.40999,37.329933,21.43996
Latvia,LVA,2011,0.44,0.37,4.86,42.7,20.93
Latvia,LVA,2012,0.35999843,0.35999843,4.929978,38.42983,20.829908
Latvia,LVA,2013,0.39000115,0.35000104,5.2000155,35.620106,20.910063
Latvia,LVA,2014,0.42999935,0.35999948,4.759993,35.629948,20.90997
Latvia,LVA,2015,0.53999895,0.36999926,5.1299896,38.269924,20.499958
Latvia,LVA,2016,0.61999905,0.36999944,5.269992,39.67994,20.479967
Latvia,LVA,2017,0.659997,0.36999828,5.589974,41.709805,20.959902
Latvia,LVA,2018,0.6400013,0.38000077,5.730012,43.770092,21.030045
Latvia,LVA,2019,0.38999856,0.4399984,6.069978,40.90985,24.079912
Latvia,LVA,2020,0.3800002,0.4000002,5.550003,37.59002,25.280014
Latvia,LVA,2021,0.35999945,0.3199995,4.979992,42.68993,24.49996
Latvia,LVA,2022,0.26000014,0.34000018,5.5900035,47.08003,28.810017
Latvia,LVA,2023,0.46000025,0.36000022,7.7900043,41.580025,32.47002
Lithuania,LTU,1992,0.07981497,0.4589361,37.403294,18.36742,8.210964
Lithuania,LTU,1993,0.07982173,0.4390195,39.691353,7.9223065,5.6374097
Lithuania,LTU,1994,0.08987951,0.4793574,25.425915,21.2615,6.2016864
Lithuania,LTU,1995,0.120031826,0.4401167,20.255371,24.656538,6.9918537
Lithuania,LTU,1996,0.16027908,0.39068025,19.854572,23.020084,7.663344
Lithuania,LTU,1997,0.3509385,0.3308849,19.060974,22.480118,8.582953
Lithuania,LTU,1998,0.18056987,0.34107643,22.149904,19.722242,9.3796015
Lithuania,LTU,1999,0.27062044,0.9922749,18.652763,26.11988,8.619761
Lithuania,LTU,2000,0.08993804,0.2698141,14.619927,24.363214,9.753281
Lithuania,LTU,2001,0.06977813,0.23923929,11.024945,19.15908,11.144565
Lithuania,LTU,2002,0.07946456,0.23839368,12.446136,26.551096,13.220917
Lithuania,LTU,2003,0.07912684,0.1978171,13.599926,31.611172,14.925301
Lithuania,LTU,2004,0.12831748,0.1974115,11.49922,37.61676,20.45183
Lithuania,LTU,2005,0.11872626,0.21766482,12.782862,38.576145,23.220879
Lithuania,LTU,2006,0.14858666,0.18820977,7.875093,45.24959,25.309261
Lithuania,LTU,2007,0.14807925,0.25667068,7.7099924,49.11295,26.002714
Lithuania,LTU,2008,0.11791843,0.25548995,6.3970757,50.19395,26.118935
Lithuania,LTU,2009,0.09806354,0.24515887,4.9031773,46.178123,23.898087
Lithuania,LTU,2010,0.75999975,0.21999992,3.8399987,45.319984,22.959991
Lithuania,LTU,2011,0.6899995,0.20999984,3.5299976,45.03997,23.489983
Lithuania,LTU,2012,0.6799991,0.21999972,3.5499952,45.279938,25.249968
Lithuania,LTU,2013,0.78000027,0.24000008,4.4900017,46.45002,27.380009
Lithuania,LTU,2014,0.8499997,0.22999991,4.0399985,47.489983,26.48999
Lithuania,LTU,2015,0.8199969,0.19999924,3.949985,48.80982,26.889898
Lithuania,LTU,2016,0.48000017,0.19000007,4.480002,46.70002,27.490011
Lithuania,LTU,2017,0.59999853,0.18999954,4.919988,47.75988,28.369932
Lithuania,LTU,2018,0.60999894,0.3799993,5.60999,48.879913,29.059948
Lithuania,LTU,2019,0.6800007,0.44000047,5.5700064,47.570053,29.730032
Lithuania,LTU,2020,0.5699988,0.45999902,5.819988,48.679897,26.999943
Lithuania,LTU,2021,0.65,0.42,5.75,50.39,25.48
Lithuania,LTU,2022,0.5399994,0.3699996,5.3599944,49.999947,26.849972
Lithuania,LTU,2023,0.4999993,0.3799995,4.439994,48.039936,27.509962
Luxembourg,LUX,2000,1.8094107,1.4695214,30.000229,50.033703,14.805179
Luxembourg,LUX,2001,2.2709472,1.6434486,34.14389,50.289528,19.093885
Luxembourg,LUX,2002,2.0589077,1.511855,31.042759,44.96774,16.610514
Luxembourg,LUX,2003,2.2060883,1.5630581,32.70551,46.179466,18.558842
Luxembourg,LUX,2004,3.5406115,1.637163,31.618944,48.355484,17.860857
Luxembourg,LUX,2005,3.9169776,1.584506,30.25324,49.62161,17.596874
Luxembourg,LUX,2006,4.1685543,1.6260318,30.874893,48.07141,16.30959
Luxembourg,LUX,2007,4.093221,1.6749501,30.218477,46.502163,17.849617
Luxembourg,LUX,2008,3.505639,1.9619628,31.869446,47.385883,19.928364
Luxembourg,LUX,2009,3.5286112,1.7992918,29.408426,44.69241,19.022514
Luxembourg,LUX,2010,1.8099715,1.7099731,30.869514,41.629345,18.709703
Luxembourg,LUX,2011,1.5899909,1.9499888,30.509825,38.26978,22.529871
Luxembourg,LUX,2012,2.3399956,1.8899965,31.099943,38.249928,19.559963
Luxembourg,LUX,2013,1.9099717,1.6299759,30.359552,38.819427,19.979704
Luxembourg,LUX,2014,1.8399836,1.8599834,27.98975,37.07967,18.859833
Luxembourg,LUX,2015,1.7599999,1.8599999,26.379997,36.59,19.97
Luxembourg,LUX,2016,1.6999972,1.5599973,27.679953,36.88994,19.589968
Luxembourg,LUX,2017,1.7599822,1.3299867,26.509733,36.159637,18.79981
Luxembourg,LUX,2018,1.7999732,1.2999806,27.269596,36.699455,19.409712
Luxembourg,LUX,2019,0.96998906,1.1799866,29.04967,34.129616,19.259783
Luxembourg,LUX,2020,0.86000407,1.1300054,28.640135,35.670166,18.530088
Luxembourg,LUX,2021,0.82999223,1.0999898,30.549713,34.29968,18.799824
Luxembourg,LUX,2022,1.2299906,1.0799918,30.619766,33.189743,19.69985
Luxembourg,LUX,2023,0.79999876,0.96999854,29.819954,31.519953,19.90997
Malta,MLT,1961,0.3216515,1.6177177,16.565052,8.97786,2.942165
Malta,MLT,1962,0.4153719,1.3877198,16.529915,6.419384,3.2568934
Malta,MLT,1963,0.5169565,1.5884663,18.225065,8.816458,3.4589088
Malta,MLT,1964,0.9554919,2.0421298,16.693005,7.943697,3.8875406
Malta,MLT,1965,0.33756152,1.9784853,18.17206,7.35134,3.6662931
Malta,MLT,1966,0.3100618,1.6348714,18.086939,8.465628,3.664367
Malta,MLT,1967,0.3590884,1.7481935,20.657032,9.175653,3.7231796
Malta,MLT,1968,0.58451694,1.8949662,21.231165,9.201428,6.193994
Malta,MLT,1969,0.5728811,1.6716857,23.037333,11.344923,6.170211
Malta,MLT,1970,0.96360004,1.5155652,21.255333,13.284583,6.46454
Malta,MLT,1971,3.0099297,2.106019,21.582035,13.027497,8.172472
Malta,MLT,1972,4.557129,1.5963873,20.595253,12.102843,7.629246
Malta,MLT,1973,0.37887165,1.219782,17.575949,13.537731,10.220294
Malta,MLT,1974,1.245455,0.8764313,17.288761,14.760948,7.4727306
Malta,MLT,1975,0.4987735,1.1545682,21.290237,11.333241,8.654643
Malta,MLT,1976,0.23188812,0.98320556,29.134424,12.484857,8.756095
Malta,MLT,1977,1.111757,1.1584696,25.430273,15.359064,9.968443
Malta,MLT,1978,1.1230752,0.8871351,32.342678,13.316463,9.975551
Malta,MLT,1979,11.0660925,1.9063038,17.19486,12.162218,12.981928
Malta,MLT,1980,8.998723,0.6929498,23.348557,15.591371,11.52029
Malta,MLT,1981,7.9777174,0.65104395,17.33526,14.361835,12.836254
Malta,MLT,1982,8.434948,1.0788887,24.069027,13.721502,11.063513
Malta,MLT,1983,7.640319,1.10844,20.031096,15.181671,9.669161
Malta,MLT,1984,7.198585,0.85863847,19.11968,16.473877,9.225371
Malta,MLT,1985,5.391826,0.9438206,28.153969,21.717915,9.3378
Malta,MLT,1986,3.8419294,1.2739029,19.239979,20.847523,9.331844
Malta,MLT,1987,5.43351,1.3482403,25.9815,22.443638,9.498505
Malta,MLT,1988,4.947844,1.1074231,23.50988,21.183277,9.692492
Malta,MLT,1989,6.228623,1.4452034,27.754013,22.105505,9.923052
Malta,MLT,1990,1.1415743,2.0079474,24.951551,27.265278,9.713573
Malta,MLT,1991,1.8113024,1.5350021,37.41312,30.526075,9.69098
Malta,MLT,1992,1.6597431,1.4138552,32.498177,30.285189,9.845759
Malta,MLT,1993,1.1489549,1.9080857,31.10385,28.549477,9.991803
Malta,MLT,1994,1.0687163,1.5927982,22.309452,26.913155,10.646058
Malta,MLT,1995,0.9782634,1.575519,32.63281,29.111061,11.605294
Malta,MLT,1996,1.8425187,1.4513694,29.737635,28.852402,15.337167
Malta,MLT,1997,3.5923898,1.9193625,28.852022,30.31977,13.15841
Malta,MLT,1998,3.5703003,1.7235932,25.279367,30.501444,12.72176
Malta,MLT,1999,3.5905032,1.8310543,29.613981,29.900402,13.7073345
Malta,MLT,2000,3.6320627,1.8772459,27.209862,28.352535,15.3750515
Malta,MLT,2001,4.1327696,2.4674768,16.713854,33.935417,17.546501
Malta,MLT,2002,4.114446,1.5871451,21.45173,29.256037,18.82334
Malta,MLT,2003,3.5928237,2.119362,20.911041,32.436337,20.53763
Malta,MLT,2004,3.9309397,1.306962,21.574926,33.247105,23.635906
Malta,MLT,2005,3.8656113,1.7570962,21.265884,32.882797,21.617304
Malta,MLT,2006,4.255686,1.8267331,21.489206,33.312786,21.78028
Malta,MLT,2007,4.951258,1.2754763,20.799301,40.152397,24.143663
Malta,MLT,2008,5.1146746,1.6379017,20.609425,33.330795,24.829784
Malta,MLT,2009,5.770009,1.4877377,20.375975,31.926046,25.683578
Malta,MLT,2010,4.8899536,1.3399873,19.299816,31.449703,22.729784
Malta,MLT,2011,5.039941,1.3499842,19.359774,30.879637,22.429737
Malta,MLT,2012,5.109928,1.3599808,19.459724,30.039577,22.75968
Malta,MLT,2013,5.269914,1.3799775,19.69968,31.149492,23.30962
Malta,MLT,2014,4.5798526,2.079933,25.579176,37.748783,24.739202
Malta,MLT,2015,3.5000157,1.120005,20.810093,31.22014,24.34011
Malta,MLT,2016,3.489954,1.2299838,19.179747,28.329626,24.379677
Malta,MLT,2017,3.6899843,1.2699945,19.939915,30.929867,23.709898
Malta,MLT,2018,3.5,1.18,18.28,28.49,23.68
Malta,MLT,2019,0.7200043,0.9600057,18.37011,23.270138,22.820135
Malta,MLT,2020,0.63999754,0.85999674,23.31991,24.02991,25.309902
Malta,MLT,2021,0.72999585,0.9599945,17.4199,24.989857,24.359861
Malta,MLT,2022,0.68999475,0.8799933,18.569859,23.509823,25.499807
Malta,MLT,2023,1.2299908,0.9599928,18.209864,24.13982,27.239796
Netherlands,NLD,1961,1.2630854,0.22874774,20.04029,21.601742,1.9095463
Netherlands,NLD,1962,1.0534866,0.21864818,20.910719,24.399149,2.7728565
Netherlands,NLD,1963,1.0336431,0.1788998,23.157583,22.322718,2.912091
Netherlands,NLD,1964,1.5799233,0.17885923,18.710663,21.940065,4.4317346
Netherlands,NLD,1965,1.5388944,0.21842372,18.36745,25.595291,3.7529168
Netherlands,NLD,1966,1.3793741,0.23816532,20.502066,25.751627,5.6068087
Netherlands,NLD,1967,1.3804265,0.19862252,21.709442,28.283846,5.9984
Netherlands,NLD,1968,1.4817142,0.26849857,21.927382,29.524897,4.862807
Netherlands,NLD,1969,1.8392879,0.24855241,21.246262,27.420303,5.73659
Netherlands,NLD,1970,2.184142,0.25812587,21.781853,28.453413,6.9396143
Netherlands,NLD,1971,2.1912012,0.27761826,20.811455,31.88644,6.9107113
Netherlands,NLD,1972,2.2408974,0.2776333,19.5434,32.12614,7.1788034
Netherlands,NLD,1973,2.2738736,0.22838031,19.223665,30.404371,9.125282
Netherlands,NLD,1974,2.1476274,0.26845342,22.052952,33.397594,7.7056074
Netherlands,NLD,1975,2.2267315,0.2882822,21.770275,34.067005,7.157351
Netherlands,NLD,1976,2.4163153,0.3082542,23.059404,34.46481,8.193595
Netherlands,NLD,1977,2.1911793,0.23903774,22.599028,34.98915,7.2607713
Netherlands,NLD,1978,2.332802,0.39876962,20.008265,37.03573,8.095023
Netherlands,NLD,1979,2.5711534,0.49828556,21.834873,39.484146,8.122054
Netherlands,NLD,1980,2.218083,0.586847,22.270346,39.189445,7.9870872
Netherlands,NLD,1981,2.2147257,0.57602733,18.631506,40.510612,8.630478
Netherlands,NLD,1982,1.9566822,0.47675502,18.722569,41.954445,11.263338
Netherlands,NLD,1983,1.4409459,0.42731497,18.831673,40.40611,9.7288685
Netherlands,NLD,1984,1.6403245,0.43741986,19.773365,40.381805,11.860044
Netherlands,NLD,1985,1.7395332,0.42742816,19.502653,43.110603,12.832785
Netherlands,NLD,1986,1.7086536,0.54637176,17.96073,42.10043,13.947381
Netherlands,NLD,1987,1.865707,0.48627472,19.649467,41.899017,13.546224
Netherlands,NLD,1988,1.5666878,0.7238494,18.750675,45.255463,13.396173
Netherlands,NLD,1989,1.4772074,0.80304563,15.594948,43.186012,13.304781
Netherlands,NLD,1990,1.5949093,1.0203457,18.247347,44.89521,18.336504
Netherlands,NLD,1991,1.4344914,1.127807,20.458815,44.706665,17.530474
Netherlands,NLD,1992,1.9077919,1.0972275,20.28388,43.493702,19.255848
Netherlands,NLD,1993,1.6110711,1.2750194,22.347435,57.64274,18.581678
Netherlands,NLD,1994,1.6618332,1.2958342,19.862864,41.02156,20.288214
Netherlands,NLD,1995,1.5652777,1.2086321,21.309572,49.504383,18.406872
Netherlands,NLD,1996,1.6169692,1.3491277,21.923325,50.63197,21.347961
Netherlands,NLD,1997,1.7564217,1.0915616,18.219154,47.324154,18.755013
Netherlands,NLD,1998,1.4075192,1.1894529,21.320942,51.84032,18.862741
Netherlands,NLD,1999,1.25668,1.1181484,18.038801,53.502907,14.041173
Netherlands,NLD,2000,5.194898,0.84935594,16.651327,53.864967,12.4341755
Netherlands,NLD,2001,7.145746,1.468574,17.662313,48.768486,13.798682
Netherlands,NLD,2002,1.4379442,1.162174,17.363667,47.727924,11.956604
Netherlands,NLD,2003,0.4041654,1.1730654,16.028608,37.90283,10.606877
Netherlands,NLD,2004,0.9184179,1.1455535,17.351185,35.610916,22.47655
Netherlands,NLD,2005,0.9405548,0.7821456,16.038935,37.721195,20.484295
Netherlands,NLD,2006,7.7939105,0.89356935,16.878532,39.31705,15.002036
Netherlands,NLD,2007,4.316803,0.9548688,18.918339,34.77314,14.362818
Netherlands,NLD,2008,5.886736,0.944662,16.258131,36.58328,26.858232
Netherlands,NLD,2009,9.687961,0.95291406,17.99618,35.535755,22.314072
Netherlands,NLD,2010,4.040002,0.91000044,18.79001,33.590015,15.930008
Netherlands,NLD,2011,4.94,0.96,14.81,33.6,12.25
Netherlands,NLD,2012,5.3899994,1.0399998,15.209999,38.339996,24.409998
Netherlands,NLD,2013,5.5699983,0.9299997,17.439995,35.90999,23.609993
Netherlands,NLD,2014,3.8000011,0.9800003,16.180004,29.750008,19.630005
Netherlands,NLD,2015,3.4800003,0.9800001,15.860001,27.500002,21.89
Netherlands,NLD,2016,3.2099993,0.98999983,15.829997,27.479994,21.059996
Netherlands,NLD,2017,1.2199996,0.9999996,15.569994,29.839989,15.789993
Netherlands,NLD,2018,2.2799993,0.9999997,15.579995,28.63999,9.989997
Netherlands,NLD,2019,3.510001,0.9500002,15.300004,26.670008,5.2000012
Netherlands,NLD,2020,3.9999998,1.0899999,16.339998,29.369999,8.129999
Netherlands,NLD,2021,2.5099993,0.8099998,16.549995,30.129992,11.699997
Netherlands,NLD,2022,2.4399998,0.98999995,16.609999,30.499998,13.5199995
Netherlands,NLD,2023,2.3899992,0.8399997,16.879993,36.69999,14.7599945
Poland,POL,1961,0.65137255,0.8016894,9.319639,34.302284,1.6635054
Poland,POL,1962,0.51134324,0.7519754,10.427392,33.147076,1.9751887
Poland,POL,1963,0.47143993,0.66202205,12.628572,30.763964,1.9559742
Poland,POL,1964,0.5116268,0.58185005,13.6634445,31.309551,2.0364752
Poland,POL,1965,0.36119273,0.612021,11.788929,34.905266,2.1771896
Poland,POL,1966,0.3209804,0.6018383,11.6556015,35.69904,2.5979352
Poland,POL,1967,0.3309059,0.6417569,13.216181,35.266544,2.707412
Poland,POL,1968,0.38088384,0.6916049,13.671726,35.51241,2.866652
Poland,POL,1969,0.44090146,0.6713727,13.627864,34.95146,3.28672
Poland,POL,1970,0.4412082,0.66181237,14.198883,34.50449,3.4594736
Poland,POL,1971,0.44154003,0.64224005,13.998826,38.474194,3.2312703
Poland,POL,1972,0.47153634,0.6621574,12.54086,44.344482,3.9629118
Poland,POL,1973,0.4612796,0.6317525,12.86569,46.44885,4.713074
Poland,POL,1974,0.47098544,0.57119507,14.500339,47.90022,5.0205045
Poland,POL,1975,0.43058997,0.48065856,17.113447,49.547886,6.268589
Poland,POL,1976,0.40026113,0.45029375,22.224499,41.37699,7.294759
Poland,POL,1977,0.5001081,0.47010162,21.764706,40.408737,8.551848
Poland,POL,1978,0.4303543,0.5204284,18.87554,43.78605,9.738016
Poland,POL,1979,0.4306175,0.55078983,18.446451,45.8157,10.775452
Poland,POL,1980,0.44079748,0.49088812,20.196539,44.41035,11.230318
Poland,POL,1981,0.29071963,0.47116628,16.771515,37.8938,11.668884
Poland,POL,1982,0.50149775,0.47140786,15.867388,38.023556,5.536535
Poland,POL,1983,0.5316129,0.4513694,17.593378,37.68433,5.245916
Poland,POL,1984,0.561475,0.561475,17.646357,34.48058,6.7778053
Poland,POL,1985,0.6314251,0.8619454,18.09083,36.9534,7.0459023
Poland,POL,1986,0.6111627,1.0319632,19.166462,42.16021,7.6345243
Poland,POL,1987,0.43065405,0.76115596,18.878672,43.38589,8.1623955
Poland,POL,1988,0.31057492,0.66122407,19.445997,45.033363,8.115023
Poland,POL,1989,0.2505925,0.5513035,17.962471,46.600185,8.439956
Poland,POL,1990,0.3107702,0.71176404,18.044722,46.495235,7.6188827
Poland,POL,1991,0.40106994,0.69184566,17.14574,51.73802,8.20188
Poland,POL,1992,0.22062929,0.6819451,14.160389,52.178825,9.045801
Poland,POL,1993,0.22066708,0.44133416,13.039418,50.542793,9.378351
Poland,POL,1994,0.28082287,0.21061715,10.380418,47.18827,10.651211
Poland,POL,1995,0.25075155,0.14042087,10.250724,48.50538,10.310904
Poland,POL,1996,0.25078753,0.11034651,10.543108,49.50546,10.402667
Poland,POL,1997,0.15044081,0.07020571,9.888975,43.357037,12.556792
Poland,POL,1998,0.21056199,0.030080285,9.425156,46.78487,13.305513
Poland,POL,1999,0.30080146,0.040106855,9.09423,49.020607,14.06748
Poland,POL,2000,0.29070437,0.030072864,8.059528,47.956196,14.545243
Poland,POL,2001,0.23040676,0.030053055,6.371248,47.163265,17.070137
Poland,POL,2002,0.16021593,0.030040486,5.9680433,48.24502,19.616438
Poland,POL,2003,0.1702068,0.04004866,6.6280527,50.08085,18.282213
Poland,POL,2004,0.17025581,0.04006019,6.0190434,47.691654,19.349072
Poland,POL,2005,0.1002141,0.030064229,4.5096345,47.922382,20.443676
Poland,POL,2006,0.1103549,0.040129054,5.136519,50.632835,20.295269
Poland,POL,2007,0.14062075,0.040177356,4.6304407,51.1056,19.857658
Poland,POL,2008,0.09045976,0.040204335,4.3923235,50.79818,18.64476
Poland,POL,2009,0.17085822,0.050252415,4.1709504,48.976006,21.548237
Poland,POL,2010,0.17999999,0.029999996,2.6799998,53.29999,26.769997
Poland,POL,2011,0.17999999,0.039999995,2.7099998,53.649998,26.819998
Poland,POL,2012,0.12000001,0.050000004,3.4800005,49.600002,28.440004
Poland,POL,2013,0.13999999,0.029999996,2.8399994,46.359993,29.419996
Poland,POL,2014,0.12999998,0.029999996,0.24999997,50.699997,27.409998
Poland,POL,2015,0.11999998,0.029999996,0.36999995,53.929993,30.459995
Poland,POL,2016,0.13,0.030000001,0.44000003,53.800003,33.54
Poland,POL,2017,0.13999999,0.029999997,0.17999999,54.369995,33.269997
Poland,POL,2018,0.14,0.03,0.78,57.93,30.18
Poland,POL,2019,0.109999985,0.049999993,1.0599998,53.789993,30.179996
Poland,POL,2020,0.11000002,0.030000005,1.4400003,54.470013,32.510006
Poland,POL,2021,0.099999994,0.019999998,0.25999996,56.899998,30.479998
Poland,POL,2022,0.13000001,0.040000003,0.15000002,53.63001,33.300003
Poland,POL,2023,0.10999998,0.029999994,0.18999997,52.01999,30.949995
Portugal,PRT,1961,0.8309917,2.332784,6.227432,9.090849,1.6019118
Portugal,PRT,1962,0.8820996,2.3756547,6.3952227,8.6004715,2.6663468
Portugal,PRT,1963,0.8925701,2.356786,6.5087414,8.745181,3.4800205
Portugal,PRT,1964,0.952161,2.7863238,6.0336943,8.539382,4.009099
Portugal,PRT,1965,0.90993625,2.8897977,7.7194586,8.679392,4.2697005
Portugal,PRT,1966,0.89670557,2.6602268,8.299509,8.847496,4.3041873
Portugal,PRT,1967,0.8430967,2.6780717,8.877312,10.265943,4.3444276
Portugal,PRT,1968,0.75139827,2.293742,9.105761,10.81618,4.3897476
Portugal,PRT,1969,0.9309548,2.4462323,10.507904,11.300207,5.357942
Portugal,PRT,1970,1.0500578,2.5701413,11.040607,10.940601,5.8703227
Portugal,PRT,1971,1.1643288,2.4189937,11.623215,11.994595,6.8755627
Portugal,PRT,1972,1.0787027,2.417093,12.165369,12.964407,7.6208344
Portugal,PRT,1973,1.0480931,2.735024,11.55897,12.547173,8.394727
Portugal,PRT,1974,1.0194173,2.7684176,13.4723,13.572243,10.074242
Portugal,PRT,1975,1.0004026,2.6810791,13.365378,14.265741,10.034038
Portugal,PRT,1976,0.96059155,2.7516944,12.707826,14.508935,11.49708
Portugal,PRT,1977,1.1308178,2.832048,14.150233,15.070899,13.799979
Portugal,PRT,1978,1.1311355,2.7027133,11.871918,15.735797,11.931978
Portugal,PRT,1979,1.14138,2.3628566,11.634066,16.950493,11.403788
Portugal,PRT,1980,1.1301595,2.4603472,11.651644,15.152138,14.462041
Portugal,PRT,1981,1.1295879,2.379132,12.52543,17.43364,13.305146
Portugal,PRT,1982,1.0397006,2.5592632,12.796316,17.654917,12.586377
Portugal,PRT,1983,1.1686729,2.6569831,11.187297,17.270391,13.214994
Portugal,PRT,1984,1.1968794,2.5433686,10.123605,17.414595,10.522565
Portugal,PRT,1985,1.2049712,2.4597347,10.91445,18.31357,10.585821
Portugal,PRT,1986,1.2028444,2.5647423,11.76004,17.356745,12.436019
Portugal,PRT,1987,1.130769,2.9459507,12.369026,19.669428,13.162548
Portugal,PRT,1988,1.2870594,3.158246,13.672532,19.295992,13.741836
Portugal,PRT,1989,1.216917,3.3044739,15.028431,22.42887,13.920343
Portugal,PRT,1990,1.3674943,3.7259266,15.835187,28.390371,13.040743
Portugal,PRT,1991,1.2736853,4.0499215,16.10018,27.264828,14.428467
Portugal,PRT,1992,1.2693185,3.927891,16.581097,29.294271,18.510061
Portugal,PRT,1993,1.2535923,3.5000298,16.68782,33.265324,19.184977
Portugal,PRT,1994,0.90463686,3.6487021,16.70563,34.788315,21.520306
Portugal,PRT,1995,0.72468275,3.452308,16.144321,33.72794,20.784302
Portugal,PRT,1996,0.71517247,3.6362996,13.024199,36.856567,22.663918
Portugal,PRT,1997,0.886219,3.30318,14.501765,35.468903,24.693285
Portugal,PRT,1998,0.965998,3.3508055,13.996908,38.841167,27.359882
Portugal,PRT,1999,1.2359151,3.356062,15.98651,40.52395,26.336042
Portugal,PRT,2000,0.90199584,3.5578725,16.185814,40.218994,26.689054
Portugal,PRT,2001,1.019672,3.3089356,14.035486,40.247055,28.340885
Portugal,PRT,2002,0.9783959,3.2446802,15.744186,40.433704,24.629618
Portugal,PRT,2003,0.9586,3.1254354,16.925282,40.271187,21.558514
Portugal,PRT,2004,1.0796511,2.8990633,18.174128,38.997395,22.982573
Portugal,PRT,2005,1.0508004,2.9722643,17.413265,39.68023,23.858175
Portugal,PRT,2006,1.1814438,3.0737562,18.13216,41.700962,23.488705
Portugal,PRT,2007,1.1510007,3.0426455,18.406002,45.099213,26.432981
Portugal,PRT,2008,1.0906103,2.7515395,18.730478,42.50378,27.795553
Portugal,PRT,2009,1.1305059,2.4611013,18.438251,42.88919,28.722853
Portugal,PRT,2010,1.1300001,2.4900002,17.670002,45.220005,31.950005
Portugal,PRT,2011,1.29,2.38,17.15,43.37,31.58
Portugal,PRT,2012,1.3399994,2.199999,16.339993,41.329983,30.029987
Portugal,PRT,2013,1.3000015,2.1900027,17.65002,40.48005,29.930037
Portugal,PRT,2014,1.3899996,2.0499995,18.919994,40.189987,30.119993
Portugal,PRT,2015,1.3600007,2.2500012,18.87001,39.830025,29.880014
Portugal,PRT,2016,1.5599989,2.3099985,19.239986,38.16997,30.18998
Portugal,PRT,2017,1.4100002,2.3400004,19.880003,38.730007,30.480005
Portugal,PRT,2018,1.2499994,2.399999,20.839989,41.57998,31.449984
Portugal,PRT,2019,0.89999926,2.3799982,21.629982,40.27997,31.129974
Portugal,PRT,2020,0.6700001,2.08,20.470001,37.330006,30.310001
Portugal,PRT,2021,0.79000026,2.2200007,20.470005,38.84001,30.710009
Portugal,PRT,2022,0.61999977,2.2599993,21.399992,39.719986,32.74999
Portugal,PRT,2023,0.6500003,2.010001,22.430012,39.29002,34.940018
Romania,ROU,1961,0.56499976,2.835088,7.3349075,14.276333,3.4000878
Romania,ROU,1962,0.5551497,2.8766847,8.014343,14.131083,3.5933325
Romania,ROU,1963,0.5352912,2.7067556,6.5648923,13.089386,3.736939
Romania,ROU,1964,0.5364659,2.6114755,6.559055,15.263973,3.9678235
Romania,ROU,1965,0.52900165,2.6043158,5.6053834,18.504887,4.0183783
Romania,ROU,1966,0.52273184,2.5419118,7.4617414,18.090622,4.120357
Romania,ROU,1967,0.5131178,2.9760833,6.588433,19.436903,4.299927
Romania,ROU,1968,0.49031225,3.0440218,8.325093,18.785088,4.4945292
Romania,ROU,1969,0.45822695,3.5028906,7.7796755,18.868769,5.1932387
Romania,ROU,1970,0.43688405,4.246919,8.473518,21.112677,5.39501
Romania,ROU,1971,0.43613452,3.9556386,7.6171403,22.506569,6.5014467
Romania,ROU,1972,0.4354896,3.726981,7.4337063,27.000355,8.426217
Romania,ROU,1973,0.4249006,3.6015384,7.739261,27.385855,8.922913
Romania,ROU,1974,0.4244616,3.5877113,7.4583974,30.369219,10.298247
Romania,ROU,1975,0.41389275,3.0385785,8.6412735,31.516418,11.457763
Romania,ROU,1976,0.41345802,3.3480015,8.783462,31.594244,10.56839
Romania,ROU,1977,0.43360293,3.5293262,8.954405,32.863068,11.556023
Romania,ROU,1978,0.4037669,2.9071217,9.226073,35.430542,12.375455
Romania,ROU,1979,0.42435595,3.5160923,9.760187,37.050316,14.003746
Romania,ROU,1980,0.42464882,3.3163052,11.020648,34.05279,14.397617
Romania,ROU,1981,0.36407658,2.599102,8.798516,33.85912,15.250762
Romania,ROU,1982,0.3134853,2.9730542,6.360718,31.9755,15.502353
Romania,ROU,1983,0.33371428,3.033766,5.652918,30.48935,16.493574
Romania,ROU,1984,0.36424956,3.6930857,6.8195605,34.209106,15.844855
Romania,ROU,1985,0.3950408,3.292007,6.2497487,31.724817,17.827484
Romania,ROU,1986,0.4262285,3.2271588,4.871183,31.104532,16.328611
Romania,ROU,1987,0.47804654,3.4480379,5.5331345,32.31391,17.24019
Romania,ROU,1988,0.5299272,3.2305179,5.258508,31.500097,14.91949
Romania,ROU,1989,0.6627047,3.772319,10.226043,31.23888,11.031485
Romania,ROU,1990,0.9067788,4.6357794,16.067307,35.425507,17.575207
Romania,ROU,1991,0.7429978,4.010153,13.0991535,33.38401,14.391767
Romania,ROU,1992,0.5998266,4.2089524,10.105553,31.475645,12.738689
Romania,ROU,1993,0.6093181,3.848859,9.972506,28.668415,14.176801
Romania,ROU,1994,0.64918965,3.4386766,10.752204,28.462908,11.776706
Romania,ROU,1995,0.6790568,3.2331212,9.030441,28.267006,13.55073
Romania,ROU,1996,0.6890524,3.1007357,7.7011733,26.427185,13.102128
Romania,ROU,1997,0.689269,2.787485,8.007684,27.40858,11.981117
Romania,ROU,1998,0.659074,2.4943419,7.270094,30.145033,14.083906
Romania,ROU,1999,0.7405005,2.5562484,6.7557993,27.601395,13.27829
Romania,ROU,2000,0.7006956,2.366117,7.0780406,24.961012,13.049187
Romania,ROU,2001,0.6717453,2.3205745,6.7988763,23.33806,16.020107
Romania,ROU,2002,0.684772,2.4529147,7.215657,25.520533,19.572214
Romania,ROU,2003,0.7094458,3.0434196,8.359122,29.344322,19.648563
Romania,ROU,2004,0.67292225,3.3024955,7.4332027,24.204496,19.514746
Romania,ROU,2005,0.61502033,2.3245685,10.278136,30.698898,21.212992
Romania,ROU,2006,0.5244647,2.0559018,10.132659,32.29654,19.573025
Romania,ROU,2007,1.3502403,2.5738957,7.943211,33.07034,20.032082
Romania,ROU,2008,1.1767677,2.3959415,7.6542907,34.74115,19.421968
Romania,ROU,2009,0.7986982,3.3332338,7.976332,35.70713,22.001472
Romania,ROU,2010,0.9099998,3.4799993,6.5999985,32.339993,18.319996
Romania,ROU,2011,0.47000003,3.5100002,5.84,31.300001,18.08
Romania,ROU,2012,0.48999998,3.5299997,5.7199993,29.809998,18.689999
Romania,ROU,2013,0.5600002,3.600001,5.9700017,27.54001,18.940006
Romania,ROU,2014,0.84999967,3.6699984,6.729997,31.379986,18.319992
Romania,ROU,2015,0.77000004,3.7400002,7.2200003,34.020004,20.450003
Romania,ROU,2016,0.51000005,3.8400002,6.5600004,35.770004,21.620003
Romania,ROU,2017,0.3799999,3.969999,5.2999988,35.229992,22.889994
Romania,ROU,2018,0.3899999,3.929999,5.1699986,35.819992,19.219995
Romania,ROU,2019,0.13999999,2.2699997,4.2599998,35.799995,23.489996
Romania,ROU,2020,0.15000004,2.5600004,5.200001,35.20001,25.050005
Romania,ROU,2021,0.19000001,2.8100002,5.1300006,38.110004,22.330002
Romania,ROU,2022,0.16999994,3.1599991,4.6799984,39.53999,23.449993
Romania,ROU,2023,0.19999999,2.9799998,4.6099997,39.279995,25.379997
Slovakia,SVK,1993,1.7828864,0.34055135,17.037582,46.82581,6.871124
Slovakia,SVK,1994,1.8627048,0.3304799,12.5081625,46.72785,6.819903
Slovakia,SVK,1995,0.75122046,0.39063463,11.568795,46.445457,5.919617
Slovakia,SVK,1996,0.7513385,0.3606425,11.760951,47.34434,9.777418
Slovakia,SVK,1997,0.7913563,0.32054937,12.451341,48.17256,8.294215
Slovakia,SVK,1998,0.77131784,0.32054767,11.339374,46.239002,7.9636064
Slovakia,SVK,1999,0.7611157,0.29042572,10.6155615,44.445152,11.536912
Slovakia,SVK,2000,0.76113,0.32047576,10.365389,33.910343,12.618734
Slovakia,SVK,2001,0.79125726,0.39062065,8.713845,32.441547,12.499861
Slovakia,SVK,2002,0.76145774,0.34065217,8.626514,33.333817,18.295025
Slovakia,SVK,2003,0.7915875,0.3306631,7.2946286,37.906017,18.767635
Slovakia,SVK,2004,0.8919803,0.19042276,5.933172,36.801704,18.320675
Slovakia,SVK,2005,0.9023941,0.28074485,6.487211,38.11111,20.03315
Slovakia,SVK,2006,1.1442728,0.11041229,6.1128263,34.9204,19.884249
Slovakia,SVK,2007,1.4879841,0.1307013,6.1329074,34.23369,18.18759
Slovakia,SVK,2008,1.4194032,0.23153386,5.707813,35.736748,18.190508
Slovakia,SVK,2009,1.6823816,0.18133457,5.0269966,36.418026,17.6096
Slovakia,SVK,2010,1.6599978,0.17999978,5.119993,35.679955,14.849981
Slovakia,SVK,2011,3.140003,0.13000011,4.5400043,34.23003,14.910013
Slovakia,SVK,2012,2.9099963,0.14999981,5.159993,29.289963,11.639985
Slovakia,SVK,2013,1.6399994,0.13999994,5.289998,31.049988,14.049994
Slovakia,SVK,2014,1.7199975,0.1299998,5.379992,29.659956,13.61998
Slovakia,SVK,2015,1.8600006,0.15000005,5.440002,29.12001,11.890004
Slovakia,SVK,2016,1.3699994,0.12999994,5.6099977,36.359985,13.969995
Slovakia,SVK,2017,2.0799992,0.13999996,6.079998,36.73999,13.9699955
Slovakia,SVK,2018,1.7600003,0.11000002,6.090001,35.99001,14.190002
Slovakia,SVK,2019,0.8000004,0.060000032,6.0900035,36.48002,18.57001
Slovakia,SVK,2020,0.85999876,0.05999991,6.039991,39.199944,16.019978
Slovakia,SVK,2021,1.1499987,0.0899999,6.5499926,42.76995,13.029984
Slovakia,SVK,2022,1.960002,0.1100001,7.1700068,42.380043,13.820013
Slovakia,SVK,2023,1.9799974,0.12999983,6.7599916,41.409946,19.729975
Slovenia,SVN,1992,0.22078681,0.17060798,17.161158,24.406979,7.2558575
Slovenia,SVN,1993,0.29133797,0.18083046,25.366495,40.88778,16.646448
Slovenia,SVN,1994,0.18061,0.270915,28.706957,42.302876,16.596054
Slovenia,SVN,1995,0.23045142,0.32062805,26.57205,37.81407,23.265574
Slovenia,SVN,1996,0.24038751,0.27043596,27.86492,35.27687,26.472675
Slovenia,SVN,1997,0.25057903,0.3608338,25.428759,36.865185,28.485823
Slovenia,SVN,1998,0.2009019,0.47211942,21.627089,38.985012,25.10269
Slovenia,SVN,1999,0.24094512,0.76299286,23.080534,43.671303,24.566362
Slovenia,SVN,2000,0.2804486,0.5208331,24.599346,38.421455,28.926266
Slovenia,SVN,2001,0.42006668,0.70011115,20.21321,40.996513,24.103828
Slovenia,SVN,2002,0.3397318,0.74940836,19.084934,38.929268,22.52222
Slovenia,SVN,2003,0.2897818,0.8193831,24.13183,44.37659,23.20253
Slovenia,SVN,2004,0.28020394,0.8606264,23.417044,44.06207,20.665041
Slovenia,SVN,2005,0.24037077,0.981514,23.54632,43.87768,22.815193
Slovenia,SVN,2006,0.3911456,1.0029374,20.881157,44.650776,20.289423
Slovenia,SVN,2007,0.50145,1.0530449,21.391857,41.61032,19.867449
Slovenia,SVN,2008,0.411399,0.9733099,21.342577,41.250275,24.54346
Slovenia,SVN,2009,0.50206083,1.0141628,20.654781,39.39169,26.318027
Slovenia,SVN,2010,0.6399997,1.0099995,19.99999,39.54998,24.959988
Slovenia,SVN,2011,0.39999905,0.92999774,19.789953,37.079914,23.699944
Slovenia,SVN,2012,0.3599997,0.8599992,18.919983,33.48997,24.959976
Slovenia,SVN,2013,0.37999776,0.7999953,18.569891,28.249834,23.63986
Slovenia,SVN,2014,0.28000066,0.8700021,17.14004,29.60007,24.200058
Slovenia,SVN,2015,0.2600005,0.8600017,18.020035,27.830053,23.890045
Slovenia,SVN,2016,0.24999893,0.86999625,18.129921,30.16987,24.019897
Slovenia,SVN,2017,0.34999996,0.85999995,17.49,30.789999,24.189999
Slovenia,SVN,2018,0.41999918,0.88999826,14.799972,30.029942,24.169952
Slovenia,SVN,2019,0.52000046,0.8100008,14.740013,29.910028,29.070026
Slovenia,SVN,2020,0.30999985,0.8199996,15.119992,25.479986,26.869987
Slovenia,SVN,2021,0.419999,0.839998,12.139972,23.009945,28.049932
Slovenia,SVN,2022,0.31999984,0.78999966,12.219995,21.289991,27.719986
Slovenia,SVN,2023,0.31000087,0.8300023,10.090028,19.340054,29.830084
Spain,ESP,1961,1.4617802,3.724536,5.9872913,7.9697056,2.6532311
Spain,ESP,1962,1.4415724,3.6740074,6.727338,8.37914,3.5338545
Spain,ESP,1963,1.3517711,3.6347625,8.360955,10.243421,5.9878454
Spain,ESP,1964,1.4213158,4.023725,7.9373484,10.029285,6.756255
Spain,ESP,1965,1.4601514,4.1404295,7.9108205,9.120946,7.4107685
Spain,ESP,1966,1.2993238,4.0778775,8.875381,12.083712,9.5650215
Spain,ESP,1967,1.3281866,3.994546,9.8665285,12.762574,10.875152
Spain,ESP,1968,1.3273088,3.8921082,10.60849,12.7242,10.728247
Spain,ESP,1969,1.367712,3.8735204,11.04153,13.088105,11.5906105
Spain,ESP,1970,1.439288,4.1179624,12.094017,13.743201,14.732711
Spain,ESP,1971,1.4104769,3.9713428,11.773981,14.805006,14.084763
Spain,ESP,1972,1.4306681,3.9818597,11.30528,15.627298,16.277603
Spain,ESP,1973,1.4009812,4.1429014,12.128494,17.702398,17.20205
Spain,ESP,1974,1.6993384,4.46826,12.075298,19.75231,17.403223
Spain,ESP,1975,1.8370818,4.163387,12.42027,18.71028,17.761787
Spain,ESP,1976,3.0755494,4.153989,13.820002,19.441866,19.342012
Spain,ESP,1977,3.0557916,3.9645402,13.0819845,20.341988,20.17222
Spain,ESP,1978,3.4559715,3.8155522,13.204608,22.843372,20.695873
Spain,ESP,1979,3.5366368,3.5466273,11.968618,26.185099,20.450552
Spain,ESP,1980,2.4470918,4.8242664,11.406444,31.063082,20.55557
Spain,ESP,1981,2.635971,4.7926745,11.961717,32.570217,23.534029
Spain,ESP,1982,2.5355873,5.0312443,11.8393955,36.3168,22.630617
Spain,ESP,1983,2.5247588,5.269062,11.506114,35.506294,21.505356
Spain,ESP,1984,2.4834259,5.355822,11.5195055,37.53065,20.964502
Spain,ESP,1985,2.5015914,5.431742,11.471441,36.337856,21.736937
Spain,ESP,1986,2.5398815,5.518017,12.121709,38.05838,20.408693
Spain,ESP,1987,2.5976386,5.8820095,12.440799,39.75084,21.627085
Spain,ESP,1988,2.7151237,5.808177,12.392103,45.500698,22.705595
Spain,ESP,1989,2.416206,5.866508,12.319667,45.629498,22.988756
Spain,ESP,1990,2.5069776,6.4266176,12.932821,47.642525,23.249235
Spain,ESP,1991,2.4456453,6.5416045,13.122975,49.74801,24.227797
Spain,ESP,1992,2.6866026,6.344744,13.353704,49.964863,23.753136
Spain,ESP,1993,2.9062915,6.3167353,13.127737,52.995335,23.250332
Spain,ESP,1994,3.0180275,6.391117,13.521947,51.79961,24.154083
Spain,ESP,1995,3.149528,6.308898,13.296913,52.252636,24.70411
Spain,ESP,1996,3.5549207,5.911774,13.414425,54.4335,23.73548
Spain,ESP,1997,3.5661783,5.917505,13.304588,54.962254,23.621033
Spain,ESP,1998,3.8147905,6.025412,14.838556,62.29846,27.26108
Spain,ESP,1999,3.0242934,5.7647533,14.73976,63.138245,25.603727
Spain,ESP,2000,3.0934217,5.9609747,14.543992,62.61478,25.002703
Spain,ESP,2001,3.804392,5.8301077,14.466573,63.479,26.166313
Spain,ESP,2002,3.7132952,5.7927403,15.288874,63.27455,30.369804
Spain,ESP,2003,3.4101858,5.7726045,14.994933,62.86603,29.97998
Spain,ESP,2004,2.252337,5.4431477,15.469998,56.594906,27.324404
Spain,ESP,2005,2.191119,5.3198786,15.397052,56.02158,27.724564
Spain,ESP,2006,2.1676393,4.837776,15.055239,56.752735,26.799904
Spain,ESP,2007,2.5022397,4.435343,14.630743,58.80754,28.358717
Spain,ESP,2008,2.4267871,3.4053304,14.404157,53.44803,26.60659
Spain,ESP,2009,3.1984017,2.7667155,13.95131,47.56396,29.089756
Spain,ESP,2010,2.36,2.74,13.49,48.69,27.24
Spain,ESP,2011,1.92,2.69,12.9,47.82,29.19
Spain,ESP,2012,1.9799999,2.2899997,12.359999,48.529995,29.689999
Spain,ESP,2013,1.9499999,2.1599998,12.159999,48.989998,28.599998
Spain,ESP,2014,1.7700001,2.3800004,11.200001,50.870003,29.090002
Spain,ESP,2015,1.6700003,2.3400004,11.200002,53.09001,29.490005
Spain,ESP,2016,1.58,2.16,11.54,52.28,30.030003
Spain,ESP,2017,1.6000003,2.0600002,11.470002,53.320007,30.340006
Spain,ESP,2018,1.5400001,2.0600002,13.630001,56.680004,33.120003
Spain,ESP,2019,1.53,2.02,13.22,54.26,32.97
Spain,ESP,2020,1.4900002,1.8600003,11.990002,51.54001,32.500004
Spain,ESP,2021,1.5799997,1.7499996,12.779997,53.47999,30.209993
Spain,ESP,2022,1.3399998,1.8599998,12.819998,52.54999,31.909996
Spain,ESP,2023,1.4399999,1.5899999,11.7699995,53.039997,32.959995
Sweden,SWE,1961,3.1529338,0.2802608,19.588226,24.973238,2.702515
Sweden,SWE,1962,2.935612,0.24045968,20.48917,25.087961,2.414616
Sweden,SWE,1963,2.8589172,0.2608135,19.280138,24.797346,2.698417
Sweden,SWE,1964,2.868142,0.3108825,19.204515,26.084045,2.7076864
Sweden,SWE,1965,2.5826654,0.2902996,18.348936,26.877739,2.8729649
Sweden,SWE,1966,2.8494213,0.34992892,19.865967,25.474825,2.8494213
Sweden,SWE,1967,2.491455,0.33019286,18.380735,27.185877,3.6021037
Sweden,SWE,1968,2.4677346,0.3912262,18.598293,27.797123,3.7617905
Sweden,SWE,1969,2.5893857,0.46167344,18.757994,26.706806,3.2317142
Sweden,SWE,1970,2.4018552,0.56043285,18.364185,28.481998,3.2024736
Sweden,SWE,1971,1.9979986,0.48950964,16.643328,29.33062,3.3466475
Sweden,SWE,1972,1.8699019,0.4799748,15.169205,28.288517,3.8997955
Sweden,SWE,1973,2.0121822,0.5706188,16.037392,28.090462,4.174527
Sweden,SWE,1974,1.8619064,0.62063545,18.348787,30.981722,4.774889
Sweden,SWE,1975,2.0400894,0.59002584,19.17084,32.331417,4.770209
Sweden,SWE,1976,1.8892204,0.66972363,20.131691,34.28585,4.847999
Sweden,SWE,1977,2.0785635,0.69951653,18.737051,35.075756,4.2670507
Sweden,SWE,1978,2.3089411,0.66969293,18.531504,35.1039,4.897754
Sweden,SWE,1979,2.7704177,0.66009957,18.062723,36.695534,4.980751
Sweden,SWE,1980,2.930187,0.67004275,18.731194,36.0923,5.1803303
Sweden,SWE,1981,3.1798244,0.6799624,18.138996,35.59803,5.4197006
Sweden,SWE,1982,3.6690395,0.70981413,16.225752,34.331013,5.2786183
Sweden,SWE,1983,3.2688556,0.719748,17.543858,33.988102,5.498075
Sweden,SWE,1984,3.2390354,0.7297827,16.685032,31.850515,5.1584635
Sweden,SWE,1985,3.380304,0.72006476,15.831424,32.952965,5.45049
Sweden,SWE,1986,2.792773,0.6906858,16.025913,32.772545,5.2652283
Sweden,SWE,1987,3.0960157,0.73142123,17.213448,32.312786,5.2101235
Sweden,SWE,1988,3.1777563,0.7418106,16.801008,33.291256,5.192674
Sweden,SWE,1989,3.114826,0.7711949,17.016365,33.4318,5.02779
Sweden,SWE,1990,3.1001554,0.7300366,16.96085,32.11161,6.0503035
Sweden,SWE,1991,3.3900177,0.5900031,16.810087,31.540165,6.710035
Sweden,SWE,1992,3.1437764,0.6808178,16.990408,33.3,7.298767
Sweden,SWE,1993,3.0569837,0.62141967,17.29952,33.3562,7.637448
Sweden,SWE,1994,2.7427492,0.65065217,17.998041,34.414497,8.588609
Sweden,SWE,1995,2.5001988,0.6900549,17.541395,35.862854,8.17065
Sweden,SWE,1996,2.3122654,0.7006865,18.668291,35.484768,9.108925
Sweden,SWE,1997,2.3335493,0.7210969,19.369463,36.455452,8.9436035
Sweden,SWE,1998,2.342748,0.7608925,19.683088,38.16477,8.459924
Sweden,SWE,1999,2.4717593,0.8405983,20.69473,37.286537,11.348077
Sweden,SWE,2000,2.4499726,0.82999074,19.71978,35.8796,10.159886
Sweden,SWE,2001,2.4577827,0.9191708,20.33166,35.198246,11.2098875
Sweden,SWE,2002,2.3463018,0.90856797,22.963806,36.60231,13.20918
Sweden,SWE,2003,2.2658358,0.9782022,23.616596,36.872234,12.636775
Sweden,SWE,2004,2.1768963,0.8787471,23.646286,37.37671,12.891619
Sweden,SWE,2005,2.2400568,1.0400263,23.860605,36.49093,13.960354
Sweden,SWE,2006,2.0721364,1.1411766,24.02477,36.14727,13.934367
Sweden,SWE,2007,1.8521678,1.1613593,24.018112,36.692947,14.797319
Sweden,SWE,2008,2.163537,1.2420304,23.558514,36.539734,16.116346
Sweden,SWE,2009,2.0925312,1.3916835,23.308195,36.283894,15.418651
Sweden,SWE,2010,2.1199992,1.2599995,23.79999,37.389984,15.869994
Sweden,SWE,2011,2.0899992,1.3499995,24.179993,37.76999,15.719995
Sweden,SWE,2012,1.6800023,1.3600019,23.800032,36.13005,15.520022
Sweden,SWE,2013,1.93,1.4,24.51,36.68,16.59
Sweden,SWE,2014,1.6699985,1.3699988,23.409979,32.939972,16.409986
Sweden,SWE,2015,1.6799995,1.3799996,24.479994,32.149994,16.429996
Sweden,SWE,2016,1.4999999,1.3799999,23.559998,31.779999,16.669998
Sweden,SWE,2017,1.4299995,1.3699995,23.149992,30.919989,16.339994
Sweden,SWE,2018,0.46000004,1.38,20.98,30.580002,16.54
Sweden,SWE,2019,0.2100002,1.2700012,23.330023,29.140028,15.930016
Sweden,SWE,2020,0.1300001,1.2500011,21.960016,28.160023,15.180013
Sweden,SWE,2021,0.14999995,1.1499995,21.669992,27.889988,15.519995
Sweden,SWE,2022,0.2100001,1.2400006,22.140009,28.370014,16.590008
Sweden,SWE,2023,0.32999992,1.3299997,22.439995,27.379992,16.879995