{
  "chart": {
    "title": "Per capita meat consumption by type",
    "subtitle": "Per capita meat consumption is broken down by types of meat, and is measured in kilograms per person per year.",
    "note": "Data does not include fish and seafood. Figures show meat supply and do not correct for waste at the household level and, so they may not directly reflect the quantity of food consumed by a given individual.",
    "citation": "Food and Agriculture Organization of the United Nations (2025)",
    "originalChartUrl": "https://ourworldindata.org/grapher/per-capita-meat-consumption-by-type-kilograms-per-year?facet=entity&country=OWID_EU27~FRA~IRL~ITA~DNK~BEL~BGR~HRV~CYP~EST~FIN~DEU~GRC~HUN~LVA~LTU~LUX~MLT~NLD~POL~PRT~ROU~SVK~SVN~SWE~ESP~CZE~AUT&v=1&csvType=filtered&useColumnShortNames=false",
    "selection": [
      "World"
    ]
  },
  "columns": {
    "Meat, Other | 00002735 || Food available for consumption | 0645pc || kilograms per year per capita": {
      "titleShort": "Yearly per capita supply of other meat",
      "titleLong": "Yearly per capita supply of other meat",
      "descriptionShort": "Quantity that is available for consumption at the end of the supply chain. It does not account for consumer waste, so the quantity that is actually consumed may be lower.",
      "descriptionProcessing": "* Per-capita values were obtained by dividing total figures by Our World in Data's population.\n* For regions defined by FAOSTAT, per-capita values were calculated using FAOSTAT's original population data, if available.\n* This data was originally given per-capita by FAOSTAT. We converted this data into total figures by multiplying by FAOSTAT's population.\n\nThe latest FAOSTAT release (published on 2025-10-28) is missing data for Benin, Burundi, Central African Republic, Chad, Dominica, Japan, Mali, Somalia, South Sudan, Sudan, and Togo, due to an ongoing review. To avoid data gaps, we sourced data for those countries from a previous FAOSTAT release.",
      "shortUnit": "kg",
      "unit": "kilograms per year per capita",
      "timespan": "1961-2023",
      "type": "Numeric",
      "owidVariableId": 1201546,
      "shortName": "meat__other__00002735__food_available_for_consumption__0645pc__kilograms_per_year_per_capita",
      "lastUpdated": "2026-02-25",
      "nextUpdate": "2027-02-25",
      "citationShort": "Food and Agriculture Organization of the United Nations (2025) – processed by Our World in Data",
      "citationLong": "Food and Agriculture Organization of the United Nations (2025) – processed by Our World in Data. “Yearly per capita supply of other meat” [dataset]. Food and Agriculture Organization of the United Nations, “Food Balances: Food Balances (-2013, old methodology and population)”; Food and Agriculture Organization of the United Nations, “Food Balances: Food Balances (2010-)” [original data].",
      "fullMetadata": "https://api.ourworldindata.org/v1/indicators/1201546.metadata.json"
    },
    "Meat, sheep and goat | 00002732 || Food available for consumption | 0645pc || kilograms per year per capita": {
      "titleShort": "Yearly per capita supply of sheep and goat meat",
      "titleLong": "Yearly per capita supply of sheep and goat meat",
      "descriptionShort": "Quantity that is available for consumption at the end of the supply chain. It does not account for consumer waste, so the quantity that is actually consumed may be lower.",
      "descriptionProcessing": "* Per-capita values were obtained by dividing total figures by Our World in Data's population.\n* For regions defined by FAOSTAT, per-capita values were calculated using FAOSTAT's original population data, if available.\n* This data was originally given per-capita by FAOSTAT. We converted this data into total figures by multiplying by FAOSTAT's population.\n\nThe latest FAOSTAT release (published on 2025-10-28) is missing data for Benin, Burundi, Central African Republic, Chad, Dominica, Japan, Mali, Somalia, South Sudan, Sudan, and Togo, due to an ongoing review. To avoid data gaps, we sourced data for those countries from a previous FAOSTAT release.",
      "shortUnit": "kg",
      "unit": "kilograms per year per capita",
      "timespan": "1961-2023",
      "type": "Numeric",
      "owidVariableId": 1201657,
      "shortName": "meat__sheep_and_goat__00002732__food_available_for_consumption__0645pc__kilograms_per_year_per_capita",
      "lastUpdated": "2026-02-25",
      "nextUpdate": "2027-02-25",
      "citationShort": "Food and Agriculture Organization of the United Nations (2025) – processed by Our World in Data",
      "citationLong": "Food and Agriculture Organization of the United Nations (2025) – processed by Our World in Data. “Yearly per capita supply of sheep and goat meat” [dataset]. Food and Agriculture Organization of the United Nations, “Food Balances: Food Balances (-2013, old methodology and population)”; Food and Agriculture Organization of the United Nations, “Food Balances: Food Balances (2010-)” [original data].",
      "fullMetadata": "https://api.ourworldindata.org/v1/indicators/1201657.metadata.json"
    },
    "Meat, beef and buffalo | 00002731 || Food available for consumption | 0645pc || kilograms per year per capita": {
      "titleShort": "Yearly per capita supply of beef and buffalo meat",
      "titleLong": "Yearly per capita supply of beef and buffalo meat",
      "descriptionShort": "Quantity that is available for consumption at the end of the supply chain. It does not account for consumer waste, so the quantity that is actually consumed may be lower.",
      "descriptionProcessing": "* Per-capita values were obtained by dividing total figures by Our World in Data's population.\n* For regions defined by FAOSTAT, per-capita values were calculated using FAOSTAT's original population data, if available.\n* This data was originally given per-capita by FAOSTAT. We converted this data into total figures by multiplying by FAOSTAT's population.\n\nThe latest FAOSTAT release (published on 2025-10-28) is missing data for Benin, Burundi, Central African Republic, Chad, Dominica, Japan, Mali, Somalia, South Sudan, Sudan, and Togo, due to an ongoing review. To avoid data gaps, we sourced data for those countries from a previous FAOSTAT release.",
      "shortUnit": "kg",
      "unit": "kilograms per year per capita",
      "timespan": "1961-2023",
      "type": "Numeric",
      "owidVariableId": 1201508,
      "shortName": "meat__beef_and_buffalo__00002731__food_available_for_consumption__0645pc__kilograms_per_year_per_capita",
      "lastUpdated": "2026-02-25",
      "nextUpdate": "2027-02-25",
      "citationShort": "Food and Agriculture Organization of the United Nations (2025) – processed by Our World in Data",
      "citationLong": "Food and Agriculture Organization of the United Nations (2025) – processed by Our World in Data. “Yearly per capita supply of beef and buffalo meat” [dataset]. Food and Agriculture Organization of the United Nations, “Food Balances: Food Balances (-2013, old methodology and population)”; Food and Agriculture Organization of the United Nations, “Food Balances: Food Balances (2010-)” [original data].",
      "fullMetadata": "https://api.ourworldindata.org/v1/indicators/1201508.metadata.json"
    },
    "Meat, pig | 00002733 || Food available for consumption | 0645pc || kilograms per year per capita": {
      "titleShort": "Yearly per capita supply of pig meat",
      "titleLong": "Yearly per capita supply of pig meat",
      "descriptionShort": "Quantity that is available for consumption at the end of the supply chain. It does not account for consumer waste, so the quantity that is actually consumed may be lower.",
      "descriptionProcessing": "* Per-capita values were obtained by dividing total figures by Our World in Data's population.\n* For regions defined by FAOSTAT, per-capita values were calculated using FAOSTAT's original population data, if available.\n* This data was originally given per-capita by FAOSTAT. We converted this data into total figures by multiplying by FAOSTAT's population.\n\nThe latest FAOSTAT release (published on 2025-10-28) is missing data for Benin, Burundi, Central African Republic, Chad, Dominica, Japan, Mali, Somalia, South Sudan, Sudan, and Togo, due to an ongoing review. To avoid data gaps, we sourced data for those countries from a previous FAOSTAT release.",
      "shortUnit": "kg",
      "unit": "kilograms per year per capita",
      "timespan": "1961-2023",
      "type": "Numeric",
      "owidVariableId": 1201581,
      "shortName": "meat__pig__00002733__food_available_for_consumption__0645pc__kilograms_per_year_per_capita",
      "lastUpdated": "2026-02-25",
      "nextUpdate": "2027-02-25",
      "citationShort": "Food and Agriculture Organization of the United Nations (2025) – processed by Our World in Data",
      "citationLong": "Food and Agriculture Organization of the United Nations (2025) – processed by Our World in Data. “Yearly per capita supply of pig meat” [dataset]. Food and Agriculture Organization of the United Nations, “Food Balances: Food Balances (-2013, old methodology and population)”; Food and Agriculture Organization of the United Nations, “Food Balances: Food Balances (2010-)” [original data].",
      "fullMetadata": "https://api.ourworldindata.org/v1/indicators/1201581.metadata.json"
    },
    "Meat, poultry | 00002734 || Food available for consumption | 0645pc || kilograms per year per capita": {
      "titleShort": "Yearly per capita supply of poultry meat",
      "titleLong": "Yearly per capita supply of poultry meat",
      "descriptionShort": "Quantity that is available for consumption at the end of the supply chain. It does not account for consumer waste, so the quantity that is actually consumed may be lower.",
      "descriptionProcessing": "* Per-capita values were obtained by dividing total figures by Our World in Data's population.\n* For regions defined by FAOSTAT, per-capita values were calculated using FAOSTAT's original population data, if available.\n* This data was originally given per-capita by FAOSTAT. We converted this data into total figures by multiplying by FAOSTAT's population.\n\nThe latest FAOSTAT release (published on 2025-10-28) is missing data for Benin, Burundi, Central African Republic, Chad, Dominica, Japan, Mali, Somalia, South Sudan, Sudan, and Togo, due to an ongoing review. To avoid data gaps, we sourced data for those countries from a previous FAOSTAT release.",
      "shortUnit": "kg",
      "unit": "kilograms per year per capita",
      "timespan": "1961-2023",
      "type": "Numeric",
      "owidVariableId": 1201620,
      "shortName": "meat__poultry__00002734__food_available_for_consumption__0645pc__kilograms_per_year_per_capita",
      "lastUpdated": "2026-02-25",
      "nextUpdate": "2027-02-25",
      "citationShort": "Food and Agriculture Organization of the United Nations (2025) – processed by Our World in Data",
      "citationLong": "Food and Agriculture Organization of the United Nations (2025) – processed by Our World in Data. “Yearly per capita supply of poultry meat” [dataset]. Food and Agriculture Organization of the United Nations, “Food Balances: Food Balances (-2013, old methodology and population)”; Food and Agriculture Organization of the United Nations, “Food Balances: Food Balances (2010-)” [original data].",
      "fullMetadata": "https://api.ourworldindata.org/v1/indicators/1201620.metadata.json"
    }
  },
  "dateDownloaded": "2026-02-26",
  "activeFilters": {
    "country": "OWID_EU27~FRA~IRL~ITA~DNK~BEL~BGR~HRV~CYP~EST~FIN~DEU~GRC~HUN~LVA~LTU~LUX~MLT~NLD~POL~PRT~ROU~SVK~SVN~SWE~ESP~CZE~AUT",
    "facet": "entity"
  }
}